SECTIONID,SECTIONNAME,UPROADID,DOWNROADID
10035301,������·-����·-����·-����·-����·,100205,100353
10003003,�����·-����һ·-�����·-̫ƽ����·,100031,100030
10035305,����·-��˳·-����·-����·,100185,100353
10003007,�����·-̫ƽ����·-�����·-̫ƽ����·,100029,100030
10017705,������·-��ɽһ·-����·-��ɽһ·,100206,100177
10023803,ɽ��·-��˳·-��˳·-��ɽ��·,100248,100238
10017707,����·-����·-����·-��ɽһ·,100187,100177
10005203,������·-���Ĺ㳡-������·-ɽ��·,100081,100052
10023801,������·-��ɽ��·-��˳·-��ɽ��·,100207,100238
10014107,����·-����·-�Ϻ�·-��ƽ·,100132,100141
10023805,��ɽ·-��ɽ��·-��˳·-��ɽ��·,100244,100238
10023807,����·-��˳·-��˳·-��ɽ��·,100185,100238
10005903,�����·-������-�����·-ɽ��·,100080,100059
10005703,������·-��·-������·-̨��·,100076,100057
10007701,�����·-̨��·-������·-̨��·,100079,100077
10013803,�Ϻ�·-����·-�Ϻ�·-����·,100139,100138
10023502,�ϲ�·-�·�·-�ϲ�·-����·,100226,100235
10022602,�ϲ�·-Ƽ��·-�ϲ�·-�·�·,100237,100226
10022604,������·-�·�·-�ϲ�·-�·�·,100210,100226
10005303,������·-������·-������·-�Ͼ�·,100054,100053
10006003,�����·-����·-�����·-�Ͼ�·,100365,100060
10043305,��ɽ·-����·-��ɽ·-����·,100436,100433
10019305,����·-�ζ�·-���·-����·,100188,100193
10043601,��ɽ·-����·-��ɽ·-����·,100433,100436
10004407,����·-̩��·-��ɽ·-��ɽ·-��ɽ·,100442,100044
10006007,�����·-����·-�����·-�Ͼ�·,100080,100060
10006103,�����·-�����·-�����·-������·,100062,100061
10006107,�����·-����·-�����·-������·,100365,100061
10035207,�����·-�����·-�����·-��ͷ·,100062,100352
10002703,�����·-̫ƽ����·-�����·-һ��,100029,100027
10023406,���·-�ϲ�·-�ϲ�·-�彭·,100196,100234
10023404,������·-�彭·-�ϲ�·-�彭·,100209,100234
10005307,����·-���Ĺ㳡-������·-�Ͼ�·,100081,100053
10000703,����·-����·-����·-�Ͼ�·,100510,100007
10006203,�����·-��ͷ·-�����·-�����·,100352,100062
10006207,�����·-������·-�����·-�����·,100061,100062
10035203,�����·-�κ�һ·-�����·-��ͷ·,100085,100352
10049805,������·-����·-��Դ·-����·,100357,100498
10035701,��Դ·-����·-������·-����·,100498,100357
10040401,��·-־����ѧ-����·�ڶ�Сѧ,100171,100404
10023704,������·-Ƽ��·-�ϲ�·-Ƽ��·,100211,100237
10049801,����·-����·-��Դ·-����·,100162,100498
10040405,��·-��֧·-����·�ڶ�Сѧ,100170,100404
10055704,�Ӱ���·-�׶�ʦ��ѧУ-��������վ���Ӱ���·��,100155,100557
10040407,�Ӱ���·-̨����·-����·�ڶ�Сѧ,100157,100404
10016205,��Դ·-����·-����·-����·,100498,100162
10015508,��������վ���Ӱ���·��-�Ӱ���·-�׶�ʦ��ѧУ,100557,100155
10022204,������·-��ɳ·-��ɳ·-�ϲ�·-�ܿ�·,100213,100222
10009003,����·-̨��һ·-����·-���·,100150,100090
10056201,����·-����·-����·-����·,100008,100562
10022808,������·-����·-����·-����·,100203,100228
10001506,������·-��У111.36-����·-������·111.38,100362,100015
10022702,������·-����·-����·-����·-����·,100205,100227
10017806,��ɽ·-������·-������·-��˳·,100246,100178
10009507,�½�·-����֧·-��ͷ·-�䶨·,100089,100095
10039505,����·-��ɽ·-����·-�г���·-��ɽ·,100413,100395
10041301,�г���·-��ɽ·-����·-��ɽ·-����·,100395,100413
10041307,����·-�ӱ�·-����·-��ɽ·-����·,100371,100413
10024602,������·-��˳·-��ɽ·-������·,100178,100246
10049405,����·-����·-����·-����·-����·,100045,100494
10009103,����·-����·-��ׯ·-����·,100120,100091
10022402,̨��·-����·-̨��·-�Ϸ�·,100225,100224
10042907,��ɽ·-����·-����·-�㽭·,100436,100429
10012203,��-�����߼�·-����������,9999,100122
10038202,����·-����·-����·-��ƽ·,100381,100382
10038206,����·-����·-����·-��ƽ·,100383,100382
10012201,�Ӱ���·-̨����·-�����߼�·-����������,100156,100122
10038106,����·-��ƽ·-����·-����·,100382,100381
10038102,����·-�ϴ�·-����·-����·,100380,100381
10038402,����·-����·-����·-����·,100383,100384
10042602,����·-۩�Ǳ�·-����·-��ɽ·,100385,100426
10024705,��ɽ·-ɽ��·-ɽ��·-����·,100245,100247
10001507,����·-��̨·-����·-������·,100014,100015
10001503,����·-��Ңһ·-������·-����·-������·,100016,100015
10001607,����·-������·-����·-��Ңһ·-������·,100015,100016
10001603,����·-��Ң��·-¡��·-����·-��Ңһ·-������·,100017,100016
10011207,����·-����·-���ݱ�·-����·,100162,100112
10011305,���ݱ�·-����·-�Ϸ�·-����·,100112,100113
10055701,�����߼�·-����������-��������վ���Ӱ���·��,100122,100557
10035807,������·-�Ͼ�·111.28-������·-����·111.29,100356,100358
10037103,����·-��ɽ·-����·-����·-�ӱ�·,100413,100371
10061808,�Ӱ���·-�׶�ʦ��ѧУ-�Ӱ���·-�Ͼ�ˮ·,100155,100618
10036308,����·-�����·-����·-����·,100069,100363
10015504,�Ӱ���·-�Ͼ�ˮ·-�Ӱ���·-�׶�ʦ��ѧУ,100618,100155
10004305,��ɽ·-����·-��ɽ·-����·,100433,100043
10018401,����·-��˳·-����·-����·,100185,100184
10006603,����·-����·-����·-ɽ��·,100002,100066
10043301,��ɽ·-����·-��ɽ·-����·,100043,100433
10006605,ɽ��·-����·-����·-ɽ��·,100070,100066
10018701,����·-�ζ�·-����·-����·,100188,100187
10007001,����·-ɽ��·-ɽ��·-����·,100066,100070
10018705,������·-����·-����·-����·-����·,100205,100187
10011801,����·-���·-����·-����·,100119,100118
10011901,����·-����·-����·-���·,100120,100119
10018501,������·-����·-����·-����·-��˳·,100205,100185
10018503,��˳·-��ɽ��·-����·-��˳·,100238,100185
10018505,����·-����·-����·-��˳·,100184,100185
10012603,����·-����·-����·-̩ɽ·,100127,100126
10004002,�Ӱ�һ·-����·-�ĵ�·-�Ӱ�һ·,100559,100040
10000204,����·-����·-����·-����·,100000,100002
10022002,����·-��־·-����·-����·,100533,100220
10005803,�����·-��ó����-�����·-�Ӱ���·,100078,100058
10005807,�����·-������·-��տ��·-�����·-�Ӱ���·,100032,100058
10036507,�����·-�Ͼ�·-�����·-����·,100060,100365
10036503,�����·-������·-�����·-����·,100061,100365
10045501,��ˮ·-�ϴ�·-��ˮ·-�ϴ�·,100464,100455
10019806,������·-Ӻ�仪ԷС��-������·-��·,100601,100198
10047305,�˴�·-��ˮ·-�˴�·-��ˮ·,100472,100473
10018801,���·-����·-����·-�ζ�·,100193,100188
10018805,����·-����·-����·-�ζ�·,100187,100188
10018807,����·-�ζ�·-����·-�ζ�·,100217,100188
10033101,�˴�·-��ˮ·-��ˮ·-�˴�·,100472,100331
10004803,�����·-����·-�����·-��ʤ��·,100026,100048
10060106,����·-����·-������·-Ӻ�仪ԷС��,100411,100601
10001203,����·-����·-����-����·-���ʺ�·-����·,100013,100012
10001303,����·-�ɾ�·-����·-����·-����,100511,100013
10001407,����·-�ɾ�·-����·-��̨·,100511,100014
10001403,����·-������·-����·-��̨·,100015,100014
10048303,ͭ��·-����·-�Ӵ�·-����·,100484,100483
10024805,ɽ��·-����·-ɽ��·-��˳·,100247,100248
10024803,������·-��˳·-ɽ��·-��˳·,100178,100248
10024807,��˳·-��ɽ��·-ɽ��·-��˳·,100238,100248
10000701,�Ͼ�·-�Ӽ�·-����·-�Ͼ�·,100134,100007
10001207,�ൺ����·Сѧ-����·-���ʺ�·-����·,100417,100012
10001501,���ݱ�·-�·��-����·-������·,100018,100015
10008003,�����·-�Ͼ�·-�����·-����·,100060,100080
10024701,ɽ��·-��˳·-ɽ��·-����·,100248,100247
10020707,������·-��ɽһ·-������·-��ɽ��·,100206,100207
10045307,��ˮ·-�Ӵ�·-��ˮ·-�鴨·,100452,100453
10020705,��˳·-��ɽ��·-������·-��ɽ��·,100238,100207
10045203,��ˮ·-�鴨·-��ˮ·-�Ӵ�·,100453,100452
10011405,����һ·-ͬ��·-�Ϸ�·-����һ·,100175,100114
10023605,�ϲ�·-Ƽ��·-�ϲ�·-�߰�·,100237,100236
10022102,����·-����·-����·-���·,100411,100221
10022106,����·-��־·-����·-���·,100533,100221
10020903,������·-�彭·-������·-�彭·,100180,100209
10020907,�ϲ�·-�彭·-������·-�彭·,100234,100209
10021001,������·-Ƽ��·-������·-�·�·,100211,100210
10012803,����·-����·-����·-����·-�ٹ�·,100130,100128
10012707,����·-̩ɽ·-����·-����·,100126,100127
10012807,����·-����·-����·-�ٹ�·,100127,100128
10035703,������·-����·-������·-����·,100571,100357
10021105,������·-�·�·-������·-Ƽ��·,100210,100211
10057107,������·-����·-������·-����·,100357,100571
10057103,������·-���ٰ��ӡ�ǰ-������·-����·,100131,100571
10035901,����һ·-ͬ��·-������·-����һ·,100175,100359
10035904,������·-ͬ��·-������·-����һ·,100168,100359
10013107,������·-����·-������·-���ٰ��ӡ�ǰ,100571,100131
10036003,������·-������·-������·-������·,100361,100360
10036005,������·-ͬ��·-������·-������·,100167,100360
10035601,�Ͼ�·-��Դ·-������·-�Ͼ�·,100135,100356
10035603,������·-����·-������·-�Ͼ�·,100358,100356
10003401,����·-�Ӱ���·-�Ӱ���·-����·,100033,100034
10005108,�����·-�Ӱ���·-������·-�Ӱ���·,100058,100051
10037106,����·-����·-����·-�ӱ�·,100372,100371
10037206,����·-ɽ��·-����·-����·,100414,100372
10041402,����·-����·-����·-ɽ��·,100372,100414
10039604,����·-ɽ��·-ݷ��·-ɽ��·,100414,100396
10000207,����·-ɽ��·-����·-����·,100066,100002
10000203,����·-�Ͼ�·111.25-����·-����·,100004,100002
10029101,������·-������·-������·-��ɽ·,100351,100291
10025405,̨��·-����·-̨��·-֣��·,100253,100254
10041408,ݷ��·-ɽ��·-����·-ɽ��·,100396,100414
10011603,�Ϸ�·-������·��������·��-�Ϸ�·-������·,100117,100116
10011607,�Ϸ�·-������·-�Ϸ�·-������·,100115,100116
10006701,������·-��У111.36-����·-������·111.35,100362,100067
10001103,����·-������·-����·-Զ��ѧԺ,100067,100011
10000503,����·-̩��·-����·-��·,100434,100005
10038808,�Ĵ�·-����·-����·-̨����·,100379,100388
10011407,�Ϸ�·-����·-�Ϸ�·-����һ·,100113,100114
10039008,����·-̨����·-����·-����·,100389,100390
10011303,�Ϸ�·-����һ·-�Ϸ�·-����·,100114,100113
10039308,����·-����·-����·-����·,100369,100393
10016306,������·-��������԰��ǰ-������·-������·,100020,100163
10002002,������·-������·-������·-��������԰��ǰ,100163,100020
10038302,����·-��ƽ·-����·-����·,100382,100383
10002902,�����·-̫ƽ����·-�����·-̫ƽ����·,100030,100029
10024904,��������·-��ɳ·-̨��·-��ɳ·,100183,100249
10009307,�ຣ·-�ռ�·-�̺�·-��ɽ·-�ຣ·-�涼·,100092,100093
10021501,����·-����·-ƽ��·-����·-����·,100216,100215
10002603,�����·-ȵɽ·-�����·-����·,100028,100026
10016801,������·-ͬ��·-������·-ͬ��·,100167,100168
10002207,�Ͼ�·-�Ӽ�·-�Ӽ�·-����·,100134,100022
10002203,�Ӽ�·-����·-�Ӽ�·-����·,100023,100022
10002201,�ػ�·-����·-�Ӽ�·-����·,100109,100022
10002307,�Ӽ�·-����·-�Ӽ�·-����·,100022,100023
10035607,������·-��˳·-������·-�Ͼ�·,100441,100356
10016303,������·-ͬ����·-������·-������·,100164,100163
10016507,������·-ͬ����·-������·-������·,100164,100165
10016403,������·-������·-������·-ͬ����·,100165,100164
10017201,��ɽ·-��ɽ��·-��·-����·,100244,100172
10017205,�ػ�·-��·-��·-����·,100105,100172
10009905,����·-����·-����·-���ɹ�·,100120,100099
10039107,����·-����·-����·-��ͭϿ·,100390,100391
10039103,����·-����·-����·-��ͭϿ·,100393,100391
10023601,��ɳ·-�ϲ�·-�ܿ�·-�ϲ�·-�߰�·,100222,100236
10015303,�Ӱ�·-��ɽ·-�Ӱ�·-�Ӱ���·,100154,100153
10015007,����·-����·-����·-����·-̨��һ·,100130,100150
10011707,�Ϸ�·-������·-�Ϸ�·-������·��������·��,100116,100117
10012307,�����߼�·-����������-�����߼�·-����������,100122,100123
10002707,�����·-ȵɽ·-�����·-һ��,100028,100027
10037003,����·-����·-����·-����·,100369,100370
10036107,������·-������·-������·-������·,100360,100361
10038703,����·-̨����·-�ŵ���·-����Ͽ·,100389,100387
10046007,��ˮ·-����·-��ˮ·-ë��·,100459,100460
10051205,��ˮ·-����·-��ˮ·-����·,100477,100512
10048007,��ˮ·-����·-��ˮ·-����·,100479,100480
10047803,��ˮ·-����·-��ˮ·-39����,100479,100478
10051505,��ˮ·-����·-��ˮ·-����·,100480,100515
10048407,�Ӵ�·-����·-ͭ��·-����·,100483,100484
10025203,������·-��ƽ·-̨��·-��ƽ·,100264,100252
10012305,��·-��ʮ����ѧ-�����߼�·-����������,100169,100123
10025302,̨��·-֣��·-̨��·-����·,100254,100253
10025306,̨��·-��ƽ·-̨��·-����·,100252,100253
10022503,������·-����·-̨��·-����·,100182,100225
10021601,����·-�ζ�·-����·-����·-ƽ��·,100217,100216
10021605,����·-����·-����·-����·-ƽ��·,100215,100216
10012701,����·-����·-����·-����·,100118,100127
10021702,����·-����·-����·-�ζ�·,100218,100217
10012705,����·Сѧ-����·-����·,100409,100127
10021703,����·-�ζ�·-����·-�ζ�·,100188,100217
10054005,����·-�Ͼ�·111.25-�Ͼ�·-�綫·,100004,100540
10021705,����·-����·-ƽ��·-����·-�ζ�·,100216,100217
10045207,��ˮ·-��·-��ˮ·-�Ӵ�·,100451,100452
10003903,�ĵ�·-�Ӱ�һ·-�ĵ�·-�Ϻ�·���ĵ�·Сѧ��,100040,100039
10005401,�����·-������·111.33-������·-������·111.34,100061,100054
10045003,��ˮ·-��·-��ˮ·-�˴�·,100451,100450
10004003,�ĵ�·-��ɽ·-�ĵ�·-�Ӱ�һ·,100041,100040
10045103,��ˮ·-�Ӵ�·-��ˮ·-��·,100452,100451
10015608,����·-̨����·-�Ӱ���·-̨����·,100149,100156
10045407,��ˮ·-�鴨·-��ˮ·-ͭ��·,100453,100454
10026701,��ˮ·-�鴨·-��ˮ·-�鴨·,100453,100267
10018007,������·-�彭·-������·-�彭·,100209,100180
10004507,����·-����·-����·-����·-����·,100428,100045
10004501,����·-����·-����·-����·-����·,100494,100045
10004701,����·-�Ϻ�·-�Ⱥ�·-����·-����һ·,100121,100047
10045303,��ˮ·-ͭ��·-��ˮ·-�鴨·,100454,100453
10046305,��ˮ·-ͭ��·-��ˮ·-ͭ��·,100454,100463
10005001,����·-����һ·-����·-����·,100047,100050
10036902,����·-����·-����·-����·,100368,100369
10001305,����-����·��-����·-����·-����,100010,100013
10008203,������·-�麣֧·-������·-����ҽԺ,100056,100082
10040601,�Ӱ�·-�Ӱ�һ·-�ൺ����ѧУ,100152,100406
10000801,����-����·��-����·-����·,100010,100008
10000805,����·-����·-����·-����·,100562,100008
10006403,����·-�����·-����·-������·,100561,100064
10006407,����·-����·-����·-������·,100008,100064
10006405,������·-����һ·111.21-����·-������·111.22,100073,100064
10006401,����·-������·111.35-����·-������·111.22,100067,100064
10043207,������·-�ٳ�·-������·-�Ͼ���·,100431,100432
10014503,�ػ�·-��·-����·-����·,100105,100145
10030101,����Ȫ·(��ɽ·-��¥ɽ·)-��ɽ·-����Ȫ·,100339,100301
10014707,����·-����·-����·-����·,100103,100147
10024908,һ����-��ɳ·-̨��·-��ɳ·,100255,100249
10046405,��ˮ·-�ϴ�·-��ˮ·-�ϴ�·,100455,100464
10024906,̨��·-����·-̨��·-��ɳ·,100225,100249
10009303,�ຣ·-����·-�ຣ·-�涼·,100094,100093
10037502,�Ĵ�·-����·-�Ĵ�·-��ƽ·,100374,100375
10037504,����·-��ƽ·-�Ĵ�·-��ƽ·,100382,100375
10037506,�Ĵ�·-����·-�Ĵ�·-��ƽ·,100376,100375
10019901,������·-��ɳ·-��ɳ·-������·-�Ϸ�·,100200,100199
10032701,��ˮ·-�ϴ�·-��ˮ·-�ϴ�·,100455,100327
10037403,ݷ��·-ɽ��·-�Ĵ�·-����·,100396,100374
10037404,����·-����·-�Ĵ�·-����·,100381,100374
10037406,�Ĵ�·-��ƽ·-�Ĵ�·-����·,100375,100374
10045403,��ˮ·-�ϴ�·-��ˮ·-ͭ��·,100455,100454
10037804,����·-��ɽ·-�Ĵ�·-��ɽ·,100426,100378
10046505,��ˮ·-�ﴨ·-��ˮ·-�ﴨ·,100456,100465
10045707,��ˮ·-�ﴨ·-��ˮ·-����·,100456,100457
10037702,�Ĵ�·-����·-�Ĵ�·-����·,100376,100377
10020101,������·-�ൺ������ҽԺ-������·-��ƽ·,100438,100201
10020105,������·-��ɳ·-��ɳ·-������·-��ƽ·,100200,100201
10029801,��ˮ·-�ﴨ·-��ˮ·-�ﴨ·,100456,100298
10043705,��ˮ·-����·-��԰���-����·,100457,100437
10045807,��ˮ·-����·-��ˮ·-����·,100457,100458
10030501,��ˮ·-����·-��ˮ·-����·,100457,100305
10003707,̫ƽ·-����·-̫ƽ·-����·��̫ƽ·Сѧ��,100036,100037
10020007,��ɳ·-��֧·-������·-��ɳ·-��ɳ·,100231,100200
10020005,������·-�Ϸ�·-������·-��ɳ·-��ɳ·,100199,100200
10026502,����·-֣��·-����·-�ƺ�·,100266,100265
10003601,����·-����·-����·-̫ƽ·-����·,100045,100036
10003005,������·-������·-�����·-̫ƽ����·,100024,100030
10003803,�ĵ�·-�Ϻ�·���ĵ�·Сѧ��-����·-���������ſ�,100039,100038
10008807,�����·-�û�·-�����·-̨��·,100087,100088
10008507,�����·-��ͷ·-�����·-�κ�һ·,100352,100085
10035505,ɽ��·-�Ӽ�·-ɽ��·-�ػ�·,100354,100355
10035501,��ɽ·-ɽ��·-ɽ��·-�ػ�·,100245,100355
10017905,������·-��˳·-������·-����·,100178,100179
10037202,����·-�ӱ�·-����·-����·,100371,100372
10035401,ɽ��·-�ػ�·-ɽ��·-�Ӽ�·,100355,100354
10018005,������·-�Ͼ�·-������·-�彭·,100181,100180
10029001,����·-���·-������·-��̶·,100297,100290
10026506,������·-����·-����·-�ƺ�·,100203,100265
10026606,����·-�ƺ�·-����·-֣��·,100265,100266
10042807,����·-�㽭·-����·-����·,100429,100428
10042801,����·-����·-����·-����·,100430,100428
10028905,������·-¥ɽ·-������·-����·,100288,100289
10028701,������·-��̨·-������·-�İ�·,100282,100287
10028605,������·-��·-������·-��ˮ·-��ƽ·,100285,100286
10006707,����·-Զ��ѧԺ-����·-������·,100011,100067
10019307,���·-����·��-���·-����·,100192,100193
10019303,���·-˳��·-���·-����·,100194,100193
10022103,���·-����·��-����·-���·,100192,100221
10012001,����·-���ɹ�·-����·-����·,100099,100120
10011905,����·-����·-����·-���·,100118,100119
10043005,����·-����·-����·-����·,100428,100430
10043007,��ɽ·-����·-����·-����·,100433,100430
10035403,�Ӽ�·-����·-ɽ��·-�Ӽ�·,100160,100354
10019507,���·-˳��·-���·-��ˮ·,100194,100195
10019503,���·-�ϲ�·-���·-��ˮ·,100196,100195
10007305,������·-����·111.24-������·-����һ·111.21,100502,100073
10035903,������·-������·-������·-����һ·,100360,100359
10007301,����·-������·111.22-������·-����һ·111.21,100064,100073
10021905,����·-����·-����·-����·,100218,100219
10021801,����·-����·-����·-����·,100219,100218
10007103,�����·-���ݶ�·-������·-���ݶ�·,100075,100071
10022005,����·-����·-����·-����·,100219,100220
10021901,����·-����·-����·-����·,100220,100219
10033405,��������·-����·-������·-��ˮ·,100316,100334
10058603,����·-���·-���·-��˳·,100297,100586
10029707,���·-��˳·-����·-���·,100586,100297
10020501,����·-����·-������·-����·-����·,100187,100205
10020505,����·-����·-������·-����·-����·,100353,100205
10013707,������·-����·-�Ͼ�·-����·,100179,100137
10031605,��������·-����·-��������·-����·,100317,100316
10013405,����·-�Ͼ�·-�Ͼ�·-�Ӽ�·,100007,100134
10013407,�Ӽ�·-���Ƹ�·-�Ͼ�·-�Ӽ�·,100161,100134
10026807,����·-����·-����·-����·,100228,100268
10026805,������·-��ƽ·-����·-����·,100214,100268
10026901,����·-��ɽ·-����·-֣��·,100270,100269
10026905,����·-����·-����·-֣��·,100268,100269
10024303,����·-��ɽ·����·���ſ�-��ɽ·-����·,100186,100243
10018607,��ɽ·-����·-����·-��ɽ·����·���ſ�,100243,100186
10018603,��ɽ·-��ɽһ·-����·-��ɽ·����·���ſ�,100410,100186
10041007,����·-��ɽ·����·���ſ�-��ɽ·-��ɽһ·,100186,100410
10041003,��ɽ·-��ɽ��·-��ɽ·-��ɽһ·,100244,100410
10024407,��ɽ·-��ɽһ·-��ɽ·-��ɽ��·,100410,100244
10024403,�����߼�-ɽ��·���ſ�-��ɽ·-��ɽ��·,100232,100244
10024501,ɽ��·-����·-��ɽ·-ɽ��·,100247,100245
10023207,��ɽ·-��ɽ��·-�����߼�-ɽ��·���ſ�,100244,100232
10023203,��ɽ·-ɽ��·-�����߼�-ɽ��·���ſ�,100245,100232
10024507,�����߼�-ɽ��·���ſ�-��ɽ·-ɽ��·,100232,100245
10024503,��ɽ·-������·-��ɽ·-ɽ��·,100246,100245
10024607,��ɽ·-ɽ��·-��ɽ·-������·,100245,100246
10024405,��·-����·-��ɽ·-��ɽ��·,100172,100244
10027302,��������·-����ɽ·-���������,100274,100273
10027306,������·-֣��·-���������,100272,100273
10028105,��ƽ·-��ƽ·-��ƽ·-�˻�·,100296,100281
10029601,��ƽ·-�˻�·-��ƽ·-��ƽ·,100281,100296
10029603,����·-��ƽ·-��ƽ·-��ƽ·,100292,100296
10029605,��ƽ·-��·-��ƽ·-��ƽ·,100294,100296
10029504,��ƽ·-����·����ʮ����ѧ��-��ƽ·-��ɽ·,100421,100295
10029401,��ƽ·-��ƽ·-��ƽ·-��·,100296,100294
10029404,������·-̫ԭ·-��ƽ·-��·,100280,100294
10028301,������·-ͨ�湬·-������·-���ٹ�·,100284,100283
10028801,������·-����·-������·-¥ɽ·,100289,100288
10029005,������·-����·-������·-��̶·,100289,100290
10028403,�ൺ������ѧ-������·-ͨ�湬·,100424,100284
10035105,������·-��ɽ·-������·-������·,100291,100351
10028901,������·-��̶·-������·-����·,100290,100289
10029705,������·-��̶·-����·-���·,100290,100297
10029701,����·-��ɽ·-����·-���·,100035,100297
10032707,��ˮ·-ͭ��·-��ˮ·-�ϴ�·,100326,100327
10032005,����·-ͨ�湬·-����·-����·,100310,100320
10031908,����·-���·-����·-��ɽ·,100322,100319
10032008,������·-��·-����·-����·,100285,100320
10032001,����·-˳��·-����·-����·,100321,100320
10032004,����·-���·-����·-����·,100322,100320
10032204,����·-��ɽ·-����·-���·,100319,100322
10032208,����·-����·-����·-���·,100320,100322
10016103,�Ͼ�·-�Ӽ�·-�Ӽ�·-���Ƹ�·,100134,100161
10016107,�Ӽ�·-����·-�Ӽ�·-���Ƹ�·,100160,100161
10032901,����·-�޷�·-�޷�·-����·,100340,100329
10032907,��������·-����·-�޷�·-����·,100316,100329
10032905,����·-�޷�·-�޷�·-����·,100338,100329
10015903,ɽ��·-�Ӽ�·-�Ӽ�·-��·,100354,100159
10031402,����·-˳��·-��԰·-˳��·,100321,100314
10015907,�Ӱ���·-����·-�Ӽ�·-�Ӽ�·-��·,100158,100159
10016608,��������·-��ɳ·-������·-��ɳ·,100183,100166
10029207,��ƽ·-��ƽ·-����·-��ƽ·,100296,100292
10045903,��ˮ·-ë��·-��ˮ·-����·,100460,100459
10045401,��ˮ·-ͭ��·-��ˮ·-ͭ��·,100463,100454
10008405,��ˮ·-ͭ��·-��ˮ·-ͭ��·,100475,100084
10047607,��ˮ·-ͭ��·-��ˮ·-�ϴ�·,100475,100476
10012905,��ˮ·-�ϴ�·-��ˮ·-�ϴ�·,100476,100129
10047707,��ˮ·-�ϴ�·-��ˮ·-����·,100476,100477
10047603,��ˮ·-����·-��ˮ·-�ϴ�·,100477,100476
10025803,̨��·-��ƽ·-����·-��ƽ·,100252,100258
10058807,��ɽ·-˳��֧·-��ɽ·-���·,100646,100588
10062305,������·-�彭·-������·-����·,100209,100623
10047703,��ˮ·-39����-��ˮ·-����·,100478,100477
10031602,������·-��ˮ·-��������·-����·,100334,100316
10031603,�޷�·-����·-��������·-����·,100329,100316
10032307,����Ȫ·(��ɽ·-��¥ɽ·)-��������·-��¥ɽ·,100339,100323
10032305,��������·-���������-��������·-��¥ɽ·,100324,100323
10036605,̫ƽ·-����֧·-����·-����֧·,100560,100366
10036603,����·-��ɽ·-����·-����֧·,100442,100366
10036705,����·-����·-����·-����·,100384,100367
10037307,����·-����֧·-̫ƽ·-۰��·,100366,100373
10037301,����·-��ɽ·-̫ƽ·-۰��·,100442,100373
10051405,��ˮ·-����·-��ˮ·-����·,100479,100514
10033601,��ˮ·-ë��·-��ˮ·-ë��·,100460,100336
10030907,������·-���ٹ�·-����·-���ٹ�·,100283,100309
10030901,����·-���·Сѧ-����·-���ٹ�·,100350,100309
10030905,����·-��Ժ·-����·-���ٹ�·,100302,100309
10017301,�ൺ����ѧУ-�Ӱ�һ·-����·,100406,100173
10045601,��ˮ·-�ﴨ·-��ˮ·-�ﴨ·,100465,100456
10031005,����·-���·Сѧ-����·-ͨ�湬·,100350,100310
10031001,����·-����·-����·-ͨ�湬·,100320,100310
10031007,�ൺ������ѧ-����·-ͨ�湬·,100424,100310
10015203,�Ӱ�·-�Ӱ���·-�Ӱ�·-�Ӱ�һ·,100153,100152
10018304,������·-��ɳ·-��������·-��ɳ·,100166,100183
10015201,����·-�Ӱ�һ·-�Ӱ�·-�Ӱ�һ·,100104,100152
10047308,����·-����·-�˴�·-��ˮ·,100367,100473
10015205,�ൺ����ѧУ-�Ӱ�·-�Ӱ�һ·,100406,100152
10056107,����·-������·111.22-����·-������·,100064,100561
10032203,��ׯ·-��԰·-����·-���·,100311,100322
10056104,����·-����·-����·-������·,100564,100561
10030007,����·-��ɽ·-����·-��ɽ·,100270,100300
10010405,�Ӱ�·-�Ӱ�һ·-����·-�Ӱ�һ·,100152,100104
10015701,�Ӱ���·-����·-�Ӽ�·-�Ӱ���·-̨����·,100158,100157
10032605,ͭ��·-����·-��ˮ·-ͭ��·,100484,100326
10029303,��ƽ·-�˻�·-������·-�˻�·,100281,100293
10029305,������·-̫ԭ·-������·-�˻�·,100280,100293
10028006,������·-����У��ǰ-������·-̫ԭ·,100279,100280
10011007,�ػ�·-����·-�ػ�·-����·,100109,100110
10011005,�Ӽ�·-����·-�ػ�·-����·,100023,100110
10027905,����·-֣��·-������·-����У��ǰ,100266,100279
10010501,��·-����·-�ػ�·-��·,100172,100105
10010503,ɽ��·-�ػ�·-�ػ�·-��·,100355,100105
10010707,������·-�Ͼ���·-������·-̫ƽ��һ·,100432,100107
10010507,����·-����·-�ػ�·-��·,100145,100105
10011503,�Ϸ�·-������·-�Ϸ�·-������·,100116,100115
10031803,��ˮ��·-�޷�·-��������·-��ˮ·,100344,100318
10034407,��������·-��ˮ·-��ˮ��·-�޷�·,100318,100344
10009401,��ׯ·-����·-�ຣ·-����·,100091,100094
10014205,����·Сѧ-����·-��ɽ·,100398,100142
10014207,�Ӱ���·-��ɽ·-����·-��ɽ·,100174,100142
10028707,����·-�İ�·-������·-�İ�·,100526,100287
10030001,����·-��Ժ·-����·-��ɽ·,100302,100300
10015805,�Ӱ���·-̨����·-�Ӱ���·-����·-�Ӽ�·,100157,100158
10028903,�Ĳ�·-����·-������·-����·,100524,100289
10028002,��ƽ·-��·-������·-̫ԭ·,100294,100280
10015403,�����߼�·-����������-�Ӱ�·-��ɽ·,100122,100154
10015407,�Ӱ�·-�Ӱ���·-�Ӱ�·-��ɽ·,100153,100154
10031203,��������·-����·-��ׯ·-����·������·,100317,100312
10010803,�ػ�·-����·-�ػ�·-�Ͼ�·,100109,100108
10036704,�˴�·-��ˮ·-����·-����·,100473,100367
10066706,ɽ��-�����߼�����-����·����,100665,100667
10066703,����·-���·-����·����,100501,100667
10010901,������·-����·-�ػ�·-����·,100358,100109
10010903,�ػ�·-����·-�ػ�·-����·,100110,100109
10010905,�Ӽ�·-����·-�ػ�·-����·,100022,100109
10010907,�ػ�·-�Ͼ�·-�ػ�·-����·,100108,100109
10014305,����·-����·-����·-����·-����·,100101,100143
10066502,����·����-ɽ��-�����߼�����,100667,100665
10015807,����·-����·-�Ӱ���·-����·-�Ӽ�·,100147,100158
10014405,����·-����·-����·-����·-��������·���ſ�,100143,100144
10016203,���ݱ�·-����·-����·-����·,100112,100162
10016207,�Ͼ�·-����·-����·-����·,100137,100162
10040707,����·-�Ⱥ�·-����·-����·-��̨·-����·������·Сѧ��,100124,100407
10050107,����·����-����·-���·,100667,100501
10013003,����·-̨��һ·-����·-����·-����·,100150,100130
10018101,������·-�彭·-������·-�Ͼ�·,100180,100181
10018105,������·-����·-������·-�Ͼ�·,100179,100181
10012703,����·-�ٹ�·-����·-����·,100128,100127
10006308,����·-����·����ʮ���У�-�����·-����·,100412,100063
10024605,�Ӽ�·-����·-��ɽ·-������·,100160,100246
10016003,�Ӽ�·-���Ƹ�·-�Ӽ�·-����·,100161,100160
10016007,ɽ��·-�Ӽ�·-�Ӽ�·-����·,100354,100160
10030306,��Ժ·-���·-��Ժ·-��ɽ·,100307,100303
10044405,��ˮ·-����·-��԰���-����·,100459,100444
10031301,��ˮ·-����·-��ˮ·-����·,100459,100313
10045803,��ˮ·-����·-��ˮ·-����·,100459,100458
10044201,����·-̩��·-����·-̩��·-��ɽ·,100609,100442
10004103,�����·-�����·-�ĵ�·-��ɽ·,100025,100041
10005102,������·-ɽ��·-������·-�Ӱ���·,100052,100051
10005106,������·-������·-������·-�Ӱ���·,100024,100051
10013103,���ݱ�-����·����-������·-���ٰ��ӡ�ǰ,100662,100131
10005501,�����·-�����·-������·-�����·,100062,100055
10005503,������·-����ҽԺ-������·-�����·,100082,100055
10010203,����·-����·-����·-����·,100103,100102
10010205,����·-���·-����·-����·,100090,100102
10017803,������·-����·-������·-��˳·,100179,100178
10010103,����·-����·-����·-����·,100102,100101
10013201,�Ϻ�·-����·-����·-����·,100139,100132
10013203,�Ϻ�·-��ƽ·-����·-����·,100141,100132
10013305,�Ϻ�·-����·-����·-����·,100139,100133
10031201,��ׯ·-��԰·-��ׯ·-����·������·,100311,100312
10031101,��ׯ·-����·-��ׯ·-��԰·,100315,100311
10031105,��ׯ·-����·������·-��ׯ·-��԰·,100312,100311
10031107,����·-���·-��ׯ·-��԰·,100322,100311
10034905,��ׯ·-����·-��ׯ·-��ɽ·,100343,100349
10034004,�޷�·-����·-����·-�޷�·,100329,100340
10017901,������·-�Ͼ�·-������·-����·,100181,100179
10021308,��ɳ·-�ϲ�·-�ܿ�·-������·-��ɳ·,100222,100213
10021304,һ����-��ɳ·-������·-��ɳ·,100255,100213
10020603,������·-��ɽ��·-������·-��ɽһ·,100207,100206
10042007,��ˮ·-�ﴨ·-��԰���-��ˮ·,100465,100420
10026802,����·-֣��·-����·-����·,100269,100268
10033801,�޷�·-����·-����·-�޷�·,100329,100338
10031607,��ׯ·-����·-��������·-����·,100315,100316
10011105,���ݱ�-����·����-���ݱ�·-������Ԣǰ,100662,100111
10036703,����·-����֧·-����·-����·,100366,100367
10006005,������·-�Ͼ�·-�����·-�Ͼ�·,100053,100060
10017607,������·-������·-������·-������·,100361,100176
10039007,����·-̨����·-����·-����·,100389,100390
10045603,��ˮ·-����·-��ˮ·-�ﴨ·,100457,100456
10060705,������·-��̨·-����·-�˹�·,100282,100607
10028201,����·-�˹�·-������·-��̨·,100607,100282
10066201,���ݱ�·-������Ԣǰ-���ݱ�-����·����,100111,100662
10064307,����·-����·-��ɽ��·-����·,100184,100643
10066506,�����߼�·-����������-ɽ��-�����߼�����,100123,100665
10044305,��ˮ·-����·-��԰���-����·,100458,100443
10045907,��ˮ·-����·-��ˮ·-����·,100458,100459
10045703,��ˮ·-����·-��ˮ·-����·,100458,100457
10037805,�Ĵ�·-����·-�Ĵ�·-��ɽ·,100379,100378
10006001,����·-�Ͼ�·-�����·-�Ͼ�·,100003,100060
10032206,���·-ͨ�湬·-����·-���·,100530,100322
10030701,���·-ͨ�湬·-��Ժ·-���·,100530,100307
10005906,�����·-��ó����-�����·-ɽ��·,100078,100059
10031401,��԰·-��Է·-��԰·-˳��·,100532,100314
10005301,�����·-�Ͼ�·-������·-�Ͼ�·,100060,100053
10037905,�ŵ�һ·-̨����·-�Ĵ�·-����·,100386,100379
10038603,����·-̨����·-�ŵ�һ·-̨����·,100388,100386
10028001,������·-�˻�·-������·-̫ԭ·,100293,100280
10007601,����·-����·-������·-��·,100364,100076
10038907,�ŵ���·-����Ͽ·-����·-̨����·,100387,100389
10046407,��ˮ·-ͭ��·-��ˮ·-�ϴ�·,100463,100464
10003103,�����·-������·-��տ��·-�����·-����һ·,100032,100031
10003107,�����·-̫ƽ����·-�����·-����һ·,100030,100031
10036803,����·-����·-����·-����·,100367,100368
10003207,�����·-����һ·-�����·-������·-��տ��·,100031,100032
10003405,�ൺ����ʮ����ѧ-�Ӱ���·-����·,100418,100034
10046507,��ˮ·-�ϴ�·-��ˮ·-�ﴨ·,100464,100465
10003303,����·-��·-����·-�Ӱ���·,100005,100033
10046303,��ˮ·-�ϴ�·-��ˮ·-ͭ��·,100464,100463
10003205,������·-������·-�����·-������·-��տ��·,100024,100032
10043107,�ĵ�·-�Ϻ�·���ĵ�·Сѧ��-������·-�ٳ�·,100039,100431
10054105,����·-����·-����·-����·,100393,100541
10037903,����·-̨����·-�Ĵ�·-����·,100388,100379
10012108,�Ϻ�·-�ھ���ѧ-����·-�Ϻ�·-�Ⱥ�·,100403,100121
10041801,�Ӱ���·-����·-�ൺ����ʮ����ѧ,100034,100418
10036103,������·-������·-������·-������·,100176,100361
10038903,����·-����·-����·-̨����·,100390,100389
10038803,����·-̨����·-����·-̨����·,100389,100388
10044906,��԰���-ë��·-��԰���-����·����Ϫ·��,100446,100449
10004601,empty-��ѧ·-��ɽ֧·,9999,100046
10060101,������·-��·-������·-Ӻ�仪ԷС��,100198,100601
10047903,��ˮ·-����·-��ˮ·-����·,100480,100479
10043903,����·-���������ſ�-̫ƽ·-��ѧ·,100038,100439
10033205,�Ӵ�·-����·-��ˮ·-�Ӵ�·,100483,100332
10041101,����·-����·-����·-����·,100002,100411
10004107,�ĵ�·-�Ӱ�һ·-�ĵ�·-��ɽ·,100040,100041
10014101,�Ϻ�·-�Ϻ�֧·-�Ϻ�·-��ƽ·,100140,100141
10002807,������·-̫ƽ��һ·-�����·-ȵɽ·,100107,100028
10013005,����·-�Ӱ�һ·-����·-����·-����·,100104,100130
10000301,����·-�Ͼ�·-����·-�Ͼ�·,100004,100003
10000305,�����·-�Ͼ�·-����·-�Ͼ�·,100060,100003
10000605,����·-��·-��·-̩�ݶ�·,100005,100006
10003408,����·-�Ӱ���·-�Ӱ���·-����·,100033,100034
10043706,��ˮ·-����·-��԰���-����·,100305,100437
10001705,����·-�����·-����·-��Ң��·-¡��·,100069,100017
10001701,����·-��Ңһ·-������·-����·-��Ң��·-¡��·,100016,100017
10001805,����·-������·-���ݱ�·-�·��,100015,100018
10030502,��԰���-����·-��ˮ·-����·,100437,100305
10002505,�����·-��ʤ��·-�����·-�����·,100048,100025
10017005,�����߼�·-����������-��·-��֧·,100123,100170
10021805,����·-�ζ�·-����·-����·,100217,100218
10007004,�����·-ɽ��·-ɽ��·-����·,100059,100070
10064005,��������·-��ԣ·����������ڣ�-��������·-��ɽ·,100335,100640
10006505,�����·-���ݶ�·-����·-�����·,100075,100065
10006501,����·-�����·-����·-�����·,100068,100065
10006705,����·-������·111.22-����·-������·111.35,100064,100067
10006805,����·-�����·-����·-�����·,100065,100068
10006801,�����·-��ң��·-����·-�����·,100083,100068
10063703,��ˮ·-��ҺȪ·-��ˮ·-���Сѧ,100636,100637
10006903,����·-����·-����·-�����·,100363,100069
10006905,�����·-��ң��·-����·-�����·,100072,100069
10063607,��ˮ·-���Сѧ-��ˮ·-��ҺȪ·,100637,100636
10007101,������·-����·111.24-������·-���ݶ�·111.23,100502,100071
10013701,������·-�Ͼ�·-�Ͼ�·-����·,100181,100137
10013307,�Ϻ�·-����·-����·-����·,100138,100133
10031003,���·-ͨ�湬·-����·-ͨ�湬·,100530,100310
10033501,��������·-��ɽ·-��������·-��ԣ·����������ڣ�,100640,100335
10033505,������·-�����ߣ��滮��·��-��������·-��ԣ·����������ڣ�,100522,100335
10031707,��ׯ·-����·������·-��������·-����·,100312,100317
10032401,��������·-��¥ɽ·-��������·-���������,100323,100324
10045005,�˴�·-��ˮ·-��ˮ·-�˴�·,100473,100450
10052201,��������·-��ԣ·����������ڣ�-������·-�����ߣ��滮��·��,100335,100522
10052205,������·-�����ԲС��-������·-�����ߣ��滮��·��,100525,100522
10047503,��ˮ·-�ϴ�·-��ˮ·-ͭ��·,100476,100475
10047807,��ˮ·-����·-��ˮ·-39����,100477,100478
10052405,�Ĳ�·-ʮ÷�ֹ�԰-�Ĳ�·-����·,100603,100524
10033401,������·-���������-������·-��ˮ·,100525,100334
10033407,��ˮ·��(������·-��׹�����)-������·-��ˮ·,100342,100334
10047501,��ˮ·-ͭ��·-��ˮ·-ͭ��·,100084,100475
10060301,�Ĳ�·-����·-�Ĳ�·-ʮ÷�ֹ�԰,100524,100603
10007607,������·-̨��·-������·-��·,100057,100076
10047701,��ˮ·-����·-��ˮ·-����·,100512,100477
10002401,�����·-������·-��տ��·-������·-������·,100032,100024
10002407,�����·-̫ƽ����·-������·-������·,100030,100024
10047601,��ˮ·-�ϴ�·-��ˮ·-�ϴ�·,100129,100476
10009005,����·-����·-����·-����·-���·,100130,100090
10023401,�ϲ�·-����·-�ϲ�·-�彭·,100235,100234
10048401,��ˮ·-ͭ��·-ͭ��·-����·,100326,100484
10009407,�ຣ·-�涼·-�ຣ·-����·,100093,100094
10009503,����·-�Ⱥ�·-����·-��ͷ·-�䶨·,100124,100095
10009701,����·-����·-����·-����·,100101,100097
10023705,�ϲ�·-����·-�ϲ�·-Ƽ��·,100235,100237
10010207,����·-����·-����·-����·,100101,100102
10013801,����·-����·-�Ϻ�·-����·,100133,100138
10018903,���·-����· ���·-���·,100190,100189
10019007,���·-���· ���·-����·,100189,100190
10019003,���·-��·-���·-���·,100191,100190
10044302,��԰���-����·-��԰���-����·,100444,100443
10019103,����·-���·-���·-��·,100221,100191
10020507,����·-����·-������·-����·-����·,100227,100205
10019107,����·-����·-���·-��·,100190,100191
10032607,��ˮ·-�鴨·-��ˮ·-ͭ��·,100267,100326
10005003,����·-����·-����·-����·,100000,100050
10019207,����·-���·-���·-����·��,100221,100192
10019403,���·-��ˮ·-���·-˳��·,100195,100194
10019407,���·-����·-���·-˳��·,100193,100194
10019607,���·-��ˮ·-���·-�ϲ�·,100195,100196
10019601,�ϲ�·-�彭·-���·-�ϲ�·,100234,100196
10019603,���·-����·-���·-�ϲ�·,100197,100196
10008007,�����·-ɽ��·-�����·-������,100059,100080
10044602,��԰���-����·����Ϫ·��-��԰���-ë��·,100449,100446
10009102,����-���ݼ�-��ׯ·-����·,100670,100091
10019905,������·-��·-������·-�Ϸ�·,100198,100199
10013805,�г���·-��ɽ·-�Ϻ�·-����·,100395,100138
10014103,����·-��̨·-�Ϻ�·-��ƽ·,100125,100141
10014105,�ൺ�еھ���ѧ-�Ϻ�·-��ƽ·,100403,100141
10038406,����·-۩�Ǳ�·-����·-����·,100385,100384
10015003,�����߼�·-����������-����·-̨��һ·,100122,100150
10006703,����·-�����·-����·-������·,100068,100067
10020203,������·-����·-������·-����·,100203,100202
10020301,����·-�ƺ�·-������·-����·,100265,100203
10020307,������·-����·-������·-����·,100202,100203
10020503,������·-��ɽһ·-������·-����·-����·,100206,100205
10020607,������·-����·-����·-������·-��ɽһ·,100205,100206
10020901,������·-����·-������·-�彭·,100623,100209
10065902,������·-����·-������·-�����߼����ſ�,100019,100659
10002803,�����·-һ��-�����·-ȵɽ·,100027,100028
10005205,����·-����·-������·-ɽ��·,100518,100052
10030202,��Ժ·-���·-����·-��Ժ·,100307,100302
10000208,����·-�綫·-����·-����·,100633,100002
10067001,����·-����·-����-���ݼ�,100215,100670
10030706,����·-��Ժ·-��Ժ·-���·,100302,100307
10021505,����-���ݼ�-����·-����·,100670,100215
10067005,����·-��������·���ſ�-����-���ݼ�,100144,100670
10014401,����-���ݼ�-����·-��������·���ſ�,100670,100144
10008107,������·-ɽ��·-������·-���Ĺ㳡,100052,100081
10046403,��ˮ·-�ﴨ·-��ˮ·-�ϴ�·,100465,100464
10047201,�˴�·-��ˮ·-�˴�·-��ˮ·,100473,100472
10008103,������·-�Ͼ�·-������·-���Ĺ㳡,100053,100081
10005407,������·-�Ͼ�·-������·-������·,100053,100054
10005403,������·-�����·-������·-������·,100055,100054
10006307,�����·-̨��·-�����·-����·,100079,100063
10008503,�����·-̨��·-�����·-�κ�һ·,100079,100085
10007907,�����·-�κ�һ·-�����·-̨��·,100085,100079
10007903,�����·-����·-�����·-̨��·,100063,100079
10008607,�����·-����·-�����·-����·,100074,100086
10043403,����·-ɽ��·-����·-̩��·���ൺ��·Сѧ��,100066,100434
10014701,����·-���·-����·-����·,100146,100147
10014605,����·-����·-����·-���·,100147,100146
10007105,�����·-������·-������·-���ݶ�·,100061,100071
10006101,������·-���ݶ�·111.23-�����·-������·111.33,100071,100061
10006105,������·-������·-�����·-������·,100054,100061
10010307,����·-����·-����·-����·,100102,100103
10010303,����·-����·-����·-����·,100147,100103
10008008,����·-����·-�����·-����·,100000,100080
10028705,������·-��ˮ·-��ƽ·-������·-�İ�·,100286,100287
10028601,������·-�İ�·-������·-��ˮ·-��ƽ·,100287,100286
10067006,��ׯ·-����·-����-���ݼ�,100091,100670
10000803,����·-����·-����·-����·,100000,100008
10028302,����·-���ٹ�·-������·-���ٹ�·,100309,100283
10011101,���ݱ�·-����·-���ݱ�·-������Ԣǰ,100112,100111
10028505,������·-ͨ�湬·-������·-��·,100284,100285
10036205,����·-������·111.35-������·-��У111.36,100067,100362
10028501,������·-��ˮ·-��ƽ·-������·-��·,100286,100285
10028401,������·-��·-������·-ͨ�湬·,100285,100284
10023501,�ϲ�·-Ƽ��·-�ϲ�·-����·,100237,100235
10006907,����·-��Ң��·-¡��·-����·-�����·,100017,100069
10014301,����·-��������·���ſ�-����·-����·-����·,100144,100143
10027006,����·-֣��·-����·-��ɽ·,100269,100270
10015803,�Ӽ�·-��·-�Ӱ���·-����·-�Ӽ�·,100159,100158
10010801,������·-�Ͼ�·-�ػ�·-�Ͼ�·,100356,100108
10031205,��Ժ·-����·-��ׯ·-��ׯ·-����·������·,100306,100312
20083601,����·-����·-JLģ��5001,100000,200836
20094801,jlģ��5023-jlģ��5112,200858,200948
20088503,����·-����·-jlģ��5050,100000,200885
20090801,����·-����·-jlģ��5073,100000,200908
20091601,����·-����·-jlģ��5081,100000,200916
20094701,����·-����·-jlģ��5111,100000,200947
10000501,����·-����·-����·-��·,100008,100005
10066305,ɽ��·-��˳·-����-ɽ��·����,100248,100663
10012302,ɽ��-�����߼�����-�����߼�·-����������,100665,100123
10033207,��ˮ·-��·-��ˮ·-�Ӵ�·,100242,100332
10032603,��ˮ·-�ϴ�·-��ˮ·-ͭ��·,100327,100326
10011203,�Ϸ�·-����·-���ݱ�·-����·,100113,100112
10035707,������·-����·111.29-������·-����·,100358,100357
10036406,����·-��¡·-����·-����·,100049,100364
10061001,����·-����·-̫ƽ·-����·,100658,100610
10041208,����·-�����·-����·-����·,100068,100412
10065805,̫ƽ·-����·-����·-����·,100610,100658
10003607,��ɽ·-��ɽ·-̫ƽ·-����·,100044,100036
10049505,����·-����·-����·-����·,100658,100495
10053503,����·-����·-����·-����·,100495,100535
10007806,�����·-�Ӱ���·-�����·-��ó����,100058,100078
10041405,����·-̩��·-����·-ɽ��·,100609,100414
10035405,ɽ��-�����߼�����-ɽ��·-�Ӽ�·,100665,100354
10066501,ɽ��·-�Ӽ�·-ɽ��-�����߼�����,100354,100665
10066505,����·-ɽ��·-ɽ��-�����߼�����,100066,100665
10005707,������·-̨��·-������·-̨��·,100077,100057
10007703,������·-̨��·-������·-̨��·,100057,100077
10023701,�ϲ�·-�߰�·-�ϲ�·-Ƽ��·,100236,100237
10011507,�Ϸ�·-����һ·-�Ϸ�·-������·,100114,100115
10022205,�ϲ�·-�߰�·-��ɳ·-�ϲ�·-�ܿ�·,100236,100222
10039003,����·-��ͭϿ·-����·-����·,100391,100390
10017903,�Ͼ�·-����·-������·-����·,100137,100179
10049507,����·-����·-����·-����·,100535,100495
10016805,������·-������·-������·-ͬ��·,100163,100168
10016301,������·-ͬ��·-������·-������·,100168,100163
10016407,������·-������·-������·-ͬ����·,100163,100164
10047907,��ˮ·-39����-��ˮ·-����·,100478,100479
10024201,��ˮ·-��·-��ˮ·-��·,100451,100242
10033201,��ˮ·-�Ӵ�·-��ˮ·-�Ӵ�·,100452,100332
10045507,��ˮ·-ͭ��·-��ˮ·-�ϴ�·,100454,100455
10032601,��ˮ·-ͭ��·-��ˮ·-ͭ��·,100454,100326
10036701,����·-����·-����·-����·,100381,100367
10040605,�Ӱ�һ·-����·-�ൺ����ѧУ,100173,100406
10014803,�Ӱ���·-̨����·-����·-̨����·,100157,100148
10014703,�Ӱ���·-����·-�Ӽ�·-����·-����·,100158,100147
10045607,��ˮ·-�ϴ�·-��ˮ·-�ﴨ·,100455,100456
10045503,��ˮ·-�ﴨ·-��ˮ·-�ϴ�·,100456,100455
10020001,������·-��ƽ·-������·-��ɳ·-��ɳ·,100201,100200
10020003,��ɳ·-�ϲ�·-�ܿ�·-������·-��ɳ·-��ɳ·,100222,100200
10000601,��·-��ʮ����ѧ-��·-̩�ݶ�·,100169,100006
10022107,���·-��·-����·-���·,100191,100221
10015102,����·-̨��һ·-����·-ɣ��·,100150,100151
10040702,����·-�Ӱ�һ·-����·-��̨·-����·������·Сѧ��,100104,100407
10025508,������·-��ɳ·-����·-��ɳ·,100213,100255
10024306,����·-����·-��ɽ·-����·,100145,100243
10033203,��ˮ·-�鴨·-��ˮ·-�Ӵ�·,100267,100332
10007904,������·-̨��·-�����·-̨��·,100077,100079
10005608,������·-����ҽԺ-������·-�麣֧·,100082,100056
10017008,����·�ڶ�Сѧ-��·-��֧·,100404,100170
10019302,����·-����·-���·-����·,100411,100193
10003906,����·-���������ſ�-�ĵ�·-�Ϻ�·���ĵ�·Сѧ��,100038,100039
10004006,�ĵ�·-�Ϻ�·���ĵ�·Сѧ��-�ĵ�·-�Ӱ�һ·,100039,100040
10007706,������·-�麣֧·-������·-̨��·,100056,100077
10003808,̫ƽ·-��ѧ·-����·-���������ſ�,100439,100038
10004504,̫ƽ·-����·��̫ƽ·Сѧ��-����·-����·-����·,100037,100045
10010106,����·-����·-����·-����·,100097,100101
10009708,����·-����·-����·-����·,100118,100097
10003704,̫ƽ·-��ѧ·-̫ƽ·-����·��̫ƽ·Сѧ��,100439,100037
10043908,̫ƽ·-����·��̫ƽ·Сѧ��-̫ƽ·-��ѧ·,100037,100439
10002402,������·-�Ӱ���·-������·-������·,100051,100024
10010102,����·-����·-����·-����·-����·,100143,100101
10019204,���·-����·-���·-����·��,100193,100192
10020906,������·-�Ͼ�·-������·-�彭·,100208,100209
10036202,����·-������·111.38-������·-��У111.36,100015,100362
10005804,������·-�Ӱ���·-�����·-�Ӱ���·,100051,100058
10035005,����·-���ٹ�·-����·-���·Сѧ,100309,100350
10062807,����·-��ƽ·-��ˮ·-����·,100292,100628
10062707,��ˮ·-����·-��ƽ·-������·,100628,100627
10026707,��ˮ·-�Ӵ�·-��ˮ·-�鴨·,100332,100267
10005208,�����·-ɽ��·-������·-ɽ��·,100059,100052
10005206,������·-�Ӱ���·-������·-ɽ��·,100051,100052
10005908,ɽ��·-����·-�����·-ɽ��·,100070,100059
10005904,������·-ɽ��·-�����·-ɽ��·,100052,100059
10012005,����·-���·-����·-����·,100119,100120
10043108,�ĵ�·-�Ϻ�·���ĵ�·Сѧ��-������·-�ٳ�·,100039,100431
10013703,����·-����·-�Ͼ�·-����·,100162,100137
10013403,�Ӽ�·-����·-�Ͼ�·-�Ӽ�·,100022,100134
10011403,�Ϸ�·-������·-�Ϸ�·-����һ·,100115,100114
10023505,�ϲ�·-�彭·-�ϲ�·-����·,100234,100235
10036007,������·-����һ·-������·-������·,100359,100360
10004901,����·-����·-����·-��¡·,100364,100049
10005507,������·-������·-������·-�����·,100054,100055
10034007,��ׯ·-����·-����·-�޷�·,100343,100340
10026703,��ˮ·-ͭ��·-��ˮ·-�鴨·,100326,100267
10063407,����·-��ɽ·-��ɽ·-��ͨ��԰,100300,100634
10026907,����·-֣��·-����·-֣��·,100266,100269
10024401,��˳·-��ɽ��·-��ɽ·-��ɽ��·,100238,100244
10028101,�ൺ����-��ƽ·-�˻�·,100423,100281
10029503,������·-��ɽ·-��ƽ·-��ɽ·,100291,100295
10029107,��ƽ·-��ɽ·-������·-��ɽ·,100295,100291
10049106,��ˮ·-����·-��ˮ��·-ë��·,100480,100491
10028205,������·-�İ�·-������·-��̨·,100287,100282
10048002,��ˮ��·-ë��·-��ˮ·-����·,100491,100480
10032507,��ˮ·-����·-��ˮ·-����·,100305,100325
10031904,��Ժ·-����·-��ׯ·-����·-��ɽ·,100306,100319
10015901,�򽭱�·-�ػ�·-�Ӽ�·-�򽭱�·,100105,100159
10015905,��·-־����ѧ-�Ӽ�·-��·,100171,100159
10046502,��԰���-��ˮ·-��ˮ·-�ﴨ·,100420,100465
10032205,��Ժ·-���·-����·-���·,100307,100322
10010403,����·-ɣ��·-����·-�Ӱ�һ·,100151,100104
10001003,����·-Զ��ѧԺ-����-����·��,100011,100010
10002907,�����·-һ��-�����·-̫ƽ����·,100027,100029
10007407,�����·-����·-�����·-����·,100063,100074
10008707,�����·-����·-�����·-�û�·,100086,100087
10066207,������·-���ٰ��ӡ�ǰ-���ݱ�-����·����,100131,100662
10028405,������·-���ٹ�·-������·-ͨ�湬·,100283,100284
10019801,������·-�Ϸ�·-������·-��·,100199,100198
10021401,����·-����·-������·-��ƽ·,100268,100214
10036403,������·-��·-����·-����·,100076,100364
10066202,������·-����һ·-���ݱ�-����·����,100359,100662
10037901,�Ĵ�·-��ɽ·-�Ĵ�·-����·,100378,100379
10027101,������·-���ٹ�·-����·-��Ժ·,100283,100271
10028305,����·-��Ժ·-������·-���ٹ�·,100271,100283
10027105,����·-��ɽ·-����·-��Ժ·,100270,100271
10027001,����·-��Ժ·-����·-��ɽ·,100271,100270
10030205,����·-��ɽ·-����·-��Ժ·,100300,100302
10030201,����·-���ٹ�·-����·-��Ժ·,100309,100302
10035906,���ݱ�-����·����-������·-����һ·,100662,100359
10029203,��ˮ·-����·-����·-��ƽ·,100628,100292
10020703,����-ɽ��·����-������·-��ɽ��·,100663,100207
10062803,��ƽ·-������·-��ˮ·-����·,100627,100628
10066307,������·-��ɽ��·-����-ɽ��·����,100207,100663
10034207,��ˮ·-��԰·-��ˮ·-���·,100625,100342
10062703,������·-��ˮ·-��ƽ·-��ƽ·-������·,100286,100627
10028607,��ƽ·-������·-������·-��ˮ·-��ƽ·,100627,100286
10034203,��������·-��ˮ·-��ˮ·-���·,100334,100342
10012308,��·-��֧·-�����߼�·-����������,100170,100123
10011806,����·-����·-����·-����·,100127,100118
10041106,���·-����·-����·-����·,100193,100411
10038601,�Ĵ�·-����·-�ŵ�һ·-̨����·,100379,100386
10007802,�����·-ɽ��·-�����·-��ó����,100059,100078
10032501,��ˮ·-����·-��ˮ·-����·,100458,100325
10033901,����Ȫ·-ũ��Ժ·��-����Ȫ·(��ɽ·-��¥ɽ·),100529,100339
10031002,���·-ͨ�湬·-����·-ͨ�湬·,100530,100310
10037705,�Ĵ�·-��ɽ·-�Ĵ�·-����·,100378,100377
10037801,�Ĵ�·-����·-�Ĵ�·-��ɽ·,100377,100378
10041805,�����·-�Ӱ���·-�ൺ����ʮ����ѧ,100058,100418
10020801,������·-�彭·-������·-�Ͼ�·,100209,100208
10044107,��ɽ·-������·-������·-��˳·111.26,100246,100441
10044103,������·-�Ͼ�·111.28-������·-��˳·111.26,100356,100441
10021405,������·-��ɳ·-������·-��ƽ·,100213,100214
10021301,������·-��ƽ·-������·-��ɳ·,100214,100213
10050201,������·-����һ·111.21-������·-����·111.24,100073,100502
10050205,������·-���ݶ�·111.23-������·-����·111.24,100071,100502
10024603,������·-��˳·111.26-��ɽ·-������·,100441,100246
10035803,������·-����·-������·-����·111.29,100357,100358
10022207,������·-��ɳ·-��ɳ·-��ɳ·-�ϲ�·-�ܿ�·,100200,100222
10006804,����·-����·-����·-�����·,100412,100068
10022804,����·-����·-����·-����·,100268,100228
10009505,�Ϻ�·-��ƽ·-��ͷ·-�䶨·,100141,100095
10065801,����·-����·-����·-����·,100495,100658
10038105,����·-����·-����·-����·,100367,100381
10041204,�����·-����·-����·-����·,100063,100412
10022507,������·-Ƽ��·-̨��·-����·,100211,100225
10026304,������·-����·-����·-�滮·,100272,100263
10027208,����·-�滮·-������·-����·,100263,100272
10027406,��������·-���������-��������·-����ɽ·,100273,100274
10027205,��������·-��Ʒ�����г�-������·-����·,100100,100272
10010001,������·-����·-��������·-��Ʒ�����г�,100272,100100
10010005,��������·-��ƽ·-��������·-��Ʒ�����г�,100264,100100
10026401,��������·-��Ʒ�����г�-��������·-��ƽ·,100100,100264
10026406,������·-����Դװ�γǣ����Ⱥ����Է��-��������·-��ƽ·,100499,100264
10030002,��ˮ·-����Ȫ·-����·-����·-��ɽ·,100304,100300
10060201,����·-��ɽ·-��ˮ��·-�̺���԰,100300,100602
10025401,��ˮ��·-�̺���԰-̨��·-����·,100602,100254
10060205,̨��·-����·-��ˮ��·-�̺���԰,100254,100602
10015705,�Ӱ���·-̨����·-�Ӱ���·-̨����·,100156,100157
10015601,�Ӱ���·-̨����·-�Ӱ���·-̨����·,100157,100156
10015605,�����߼�·-����������-�Ӱ���·-̨����·,100122,100156
10010505,�Ӽ�·-�򽭱�·-�򽭱�·-�ػ�·,100159,100105
10017101,�Ӽ�·-�򽭱�·-��·-־����ѧ,100159,100171
10017104,��·-����·������·�ڶ�Сѧ��-��·-־����ѧ,100404,100171
10016901,�����߼�·-����������-��·-��ʮ����ѧ,100123,100169
10016905,����·-̩�ݶ�·-��·-��ʮ����ѧ,100006,100169
10059205,��ɳ·-�ൺ��ԪѧУ-��ɳ·-��ɳ·,100239,100592
10051707,������·-��ˮ·-��ƽ·-��ˮ·-�Ĳ�·,100286,100517
10062507,��ˮ·-�Ĳ�·-��ˮ·-��԰·,100517,100625
10033403,��ˮ·-��ָ��·���滮һ·��-��������·-��ˮ·,100240,100334
10024007,��������·-��ˮ·-��ˮ·-��ָ��·���滮һ·��,100334,100240
10024003,��ˮ·-�޷�·-��ˮ·-��ָ��·���滮һ·��,100330,100240
10033007,��ˮ·-��ָ��·���滮һ·��-��ˮ·-�޷�·,100240,100330
10033003,��ˮ·-���·-��ˮ·-�޷�·,100241,100330
10024107,��ˮ·-�޷�·-��ˮ·-���·,100330,100241
10024103,��ˮ·-�˴�·-��ˮ·-���·,100331,100241
10033107,��ˮ·-���·-��ˮ·-�˴�·,100241,100331
10027607,��ˮ·-�ϴ�·-��ˮ·-����·,100327,100276
10032703,��ˮ·-����·-��ˮ·-�ϴ�·,100276,100327
10027603,��ˮ·-�䴨·-��ˮ·-����·,100328,100276
10032807,��ˮ·-����·-��ˮ·-�䴨·,100276,100328
10032803,��ˮ·-�ﴨ·-��ˮ·-�䴨·,100298,100328
10029807,��ˮ·-�䴨·-��ˮ·-�ﴨ·,100328,100298
10029803,��ˮ·-����·-��ˮ·-�ﴨ·,100305,100298
10034403,��ˮ��·-ʯţɽ·-��ˮ��·-�޷�·,100345,100344
10034507,��ˮ��·-�޷�·-��ˮ��·-ʯţɽ·,100344,100345
10034707,��ˮ��·-ͭ��·-��ˮ��·-�ϴ�·,100346,100347
10062603,��������·-��ˮ·-��ˮ·-��ʮ����,100318,100626
10062607,��ˮ·-��ҺȪ·-��ˮ·-��ʮ����,100636,100626
10048703,��ˮ��·-ͭ��·-��ˮ��·-�Ӵ�·,100346,100487
10048707,��ˮ��·-ʯţɽ·-��ˮ��·-�Ӵ�·,100345,100487
10063707,��ˮ·-����·-��ˮ·-���Сѧ,100308,100637
10034703,��ˮ��·-����·-��ˮ��·-�ϴ�·,100489,100347
10048907,��ˮ��·-�ϴ�·-��ˮ��·-����·,100347,100489
10048903,��ˮ��·-����·-��ˮ��·-����·,100348,100489
10034807,��ˮ��·-����·-��ˮ��·-����·,100489,100348
10034803,��ˮ��·-����·-��ˮ��·-����·,100490,100348
10049007,��ˮ��·-����·-��ˮ��·-����·,100348,100490
10049003,��ˮ��·-ë��·-��ˮ��·-����·,100491,100490
10049107,��ˮ��·-����·-��ˮ��·-ë��·,100490,100491
10030405,����Ȫ·-ũ��Ժ·��-��ˮ·-����Ȫ·-����·,100529,100304
10052901,��ˮ·-����Ȫ·-����·-����Ȫ·-ũ��Ժ·��,100304,100529
10030605,��ˮ·-����·-��Ժ·-����·-��ׯ·,100308,100306
10030801,��Ժ·-����·-��ׯ·-��ˮ·-����·,100306,100308
10031705,��������·-��ˮ·-��������·-����·,100318,100317
10031801,��������·-����·-��������·-��ˮ·,100317,100318
10063603,��ˮ·-��ʮ����-��ˮ·-��ҺȪ·,100626,100636
10028603,��ˮ·-�Ĳ�·-������·-��ˮ·-��ƽ·,100517,100286
10051703,��ˮ·-��԰·-��ˮ·-�Ĳ�·,100625,100517
10044607,��԰���-����·-��԰���-ë��·,100444,100446
10062503,��ˮ·-���·-��ˮ·-��԰·,100342,100625
10030207,����·-��Ժ·-����·-��Ժ·,100271,100302
10027103,����·-��Ժ·-����·-��Ժ·,100302,100271
10024207,��ˮ·-�˴�·-��ˮ·-��·,100331,100242
10009106,�ຣ·-����·-��ׯ·-����·,100094,100091
10006808,����·-������·-����·-�����·,100067,100068
10044403,��԰���-ë��·-��԰���-����·,100446,100444
10044603,��԰���-4����-��԰���-ë��·,100447,100446
10044707,��԰���-ë��·-��԰���-4����,100446,100447
10044703,��԰���-�ϼ�����-��԰���-4����,100448,100447
10044807,��԰���-4����-��԰���-�ϼ�����,100447,100448
10044803,��԰���-����·����Ϫ·��-��԰���-�ϼ�����,100449,100448
10044907,��԰���-�ϼ�����-��԰���-����·����Ϫ·��,100448,100449
10044401,����·-������-��԰���-����·,100486,100444
10048505,����·-������-����·-һ����,100486,100485
10048601,����·-һ����-����·-������,100485,100486
10031805,��������·-��¥ɽ·-��������·-��ˮ·,100323,100318
10032301,��������·-��ˮ·-��������·-��¥ɽ·,100318,100323
10024203,��ˮ·-�Ӵ�·-��ˮ·-��·,100332,100242
10033805,��ˮ��·-�޷�·-����·-�޷�·,100344,100338
10034401,����·-�޷�·-��ˮ��·-�޷�·,100338,100344
10048305,��ˮ��·-�Ӵ�·-�Ӵ�·-����·,100487,100483
10048701,�Ӵ�·-����·-��ˮ��·-�Ӵ�·,100483,100487
10048405,��ˮ��·-ͭ��·-ͭ��·-����·,100346,100484
10034601,ͭ��·-����·-��ˮ��·-ͭ��·,100484,100346
10034605,��ˮ·-ͭ��·-��ˮ��·-ͭ��·,100084,100346
10008401,��ˮ��·-ͭ��·-��ˮ·-ͭ��·,100346,100084
10048205,��ˮ��·-�ϴ�·-��ˮ·-�ϴ�·,100347,100482
10034701,��ˮ·-�ϴ�·-��ˮ��·-�ϴ�·,100482,100347
10034705,��ˮ·-�ϴ�·-��ˮ��·-�ϴ�·,100129,100347
10012901,��ˮ��·-�ϴ�·-��ˮ·-�ϴ�·,100347,100129
10030505,��ˮ��·-����·-��ˮ·-����·,100489,100305
10048901,��ˮ·-����·-��ˮ��·-����·,100305,100489
10048905,��ˮ·-����·-��ˮ��·-����·,100512,100489
10051201,��ˮ��·-����·-��ˮ·-����·,100489,100512
10032505,��ˮ��·-����·-��ˮ·-����·,100348,100325
10034801,��ˮ·-����·-��ˮ��·-����·,100325,100348
10034805,��ˮ·-����·-��ˮ��·-����·,100514,100348
10051401,��ˮ��·-����·-��ˮ·-����·,100348,100514
10049005,��ˮ·-����·-��ˮ��·-����·,100515,100490
10051501,��ˮ��·-����·-��ˮ·-����·,100490,100515
10031305,��ˮ��·-����·-��ˮ·-����·,100490,100313
10049001,��ˮ·-����·-��ˮ��·-����·,100313,100490
10033605,��ˮ��·-ë��·-��ˮ·-ë��·,100491,100336
10030507,��ˮ·-�ﴨ·-��ˮ·-����·,100298,100305
10030503,��ˮ·-����·-��ˮ·-����·,100325,100305
10032503,��ˮ·-����·-��ˮ·-����·,100313,100325
10031307,��ˮ·-����·-��ˮ·-����·,100325,100313
10031303,��ˮ·-ë��·-��ˮ·-����·,100336,100313
10033607,��ˮ·-����·-��ˮ·-ë��·,100313,100336
10033603,��ˮ·-����·��4���ߣ�-��ˮ·-ë��·,100394,100336
10039407,��ˮ·-ë��·-��ˮ·-����·��4���ߣ�,100336,100394
10042003,��԰���-����·-��԰���-��ˮ·,100437,100420
10043707,��԰���-��ˮ·-��԰���-����·,100420,100437
10043703,��԰���-����·-��԰���-����·,100443,100437
10044307,��԰���-����·-��԰���-����·,100437,100443
10044407,��԰���-����·-��԰���-����·,100443,100444
10049101,��ˮ·-ë��·-��ˮ��·-ë��·,100336,100491
10034305,��ׯ·-����·-��ׯ·-����·,100315,100343
10031501,��ׯ·-����·-��ׯ·-����·,100343,100315
10031505,��ׯ·-��԰·-��ׯ·-����·,100311,100315
10003505,����·-���·-����·-��ɽ·,100297,100035
10028805,������·-�������ͳ�-������·-¥ɽ·,100440,100288
10044001,������·-¥ɽ·-������·-�������ͳ�,100288,100440
10044005,������·-������·-������·-�������ͳ�,100351,100440
10035101,������·-�������ͳ�-������·-������·,100440,100351
10029105,����·-�˹�·-������·-��ɽ·,100607,100291
10060701,������·-��ɽ·-����·-�˹�·,100291,100607
10043901,����·-����·-̫ƽ·-��ѧ·,100050,100439
10001801,���ݱ�·-�Ӽ�·-���ݱ�·-�·��,100021,100018
10002105,���ݱ�·-�·��-���ݱ�·-�Ӽ�·,100018,100021
10031701,��������·-����·-��������·-����·,100316,100317
10066302,������·-�Ͼ�·-����-ɽ��·����,100208,100663
10033701,�Ĳ�·-����һ·-�Ĳ�·-�İ�·,100527,100337
10009501,�ຣ·-�ռ�·-�̺�·-��ɽ·-��ͷ·-�䶨·,100092,100095
10014303,����·-����·-����·-����·-����·,100103,100143
10020806,����-ɽ��·����-������·-�Ͼ�·,100663,100208
10020305,����·-����·-������·-����·,100228,100203
10019704,����-ɽ��·����-���·-����·,100663,100197
10066308,���·-����·-����-ɽ��·����,100197,100663
10005603,������·-̨��·-������·-�麣֧·,100077,100056
10024801,����-ɽ��·����-ɽ��·-��˳·,100663,100248
10066407,ɽ��·-�ػ�·-���Ƹ�·-�ػ�·,100355,100664
10021306,������·-����·-������·-��ɳ·,100212,100213
10021202,������·-��ɳ·-������·-����·,100213,100212
10017807,ɽ��·-����·-������·-��˳·,100247,100178
10066403,�ػ�·-�Ͼ�·-���Ƹ�·-�ػ�·,100108,100664
10035503,���Ƹ�·-�ػ�·-ɽ��·-�ػ�·,100664,100355
10010807,���Ƹ�·-�ػ�·-�ػ�·-�Ͼ�·,100664,100108
10044105,���Ƹ�·-�ػ�·-������·-��˳·111.26,100664,100441
10066401,������·-��˳·111.26-���Ƹ�·-�ػ�·,100441,100664
10066405,�Ӽ�·-���Ƹ�·-���Ƹ�·-�ػ�·,100161,100664
10016101,���Ƹ�·-�ػ�·-�Ӽ�·-���Ƹ�·,100664,100161
10015307,�Ӱ�·-�Ӱ�һ·-�Ӱ�·-�Ӱ���·,100152,100153
10030807,��ˮ·-����Ȫ·-����·-��ˮ·-����·,100304,100308
10026107,����·-֣��·-����·-����·,100269,100261
10030403,��ˮ·-����·-��ˮ·-����Ȫ·-����·,100308,100304
10030803,��ˮ·-���Сѧ-��ˮ·-����·,100637,100308
10031807,��ˮ·-��ʮ����-��������·-��ˮ·,100626,100318
10034503,��ˮ��·-�Ӵ�·-��ˮ��·-ʯţɽ·,100487,100345
10026104,̨��·-����·-����·-����·,100254,100261
10025404,����·-�滮·-̨��·-����·,100263,100254
10026308,̨��·-����·-����·-�滮·,100254,100263
10021206,������·-Ƽ��·-������·-����·,100211,100212
10021102,������·-����·-������·-Ƽ��·,100212,100211
10062302,������·-�·�·-������·-����·,100210,100623
10021006,������·-����·-������·-�·�·,100623,100210
10066205,���ݱ�·-�Ӽ�·-���ݱ�-����·����,100021,100662
10002101,���ݱ�-����·����-���ݱ�·-�Ӽ�·,100662,100021
10011204,���ݱ�·-������Ԣǰ-���ݱ�·-����·,100111,100112
10024707,��ɽ��·-����·-ɽ��·-����·,100643,100247
10064704,�ϲ�·-Ƽ��·-�Ϸ�·-Ƽ��·,100237,100647
10023708,�Ϸ�·-Ƽ��·-�ϲ�·-Ƽ��·,100647,100237
10064708,������·-��·-�Ϸ�·-Ƽ��·,100198,100647
10027202,��������·-���������-������·-����·,100273,100272
10021103,̨��·-����·-������·-Ƽ��·,100225,100211
10011702,������-�Ϸ�·-�Ϸ�·-������·��������·��,100278,100117
10011904,����·-���·-����·-���·,100090,100119
10012604,����·-��̨·-����·������·Сѧ��-����·-̩ɽ·,100407,100126
10063301,����·����-����·-�綫·,100667,100633
10016001,����·����-�Ӽ�·-����·,100667,100160
10022308,������·-�Ͼ�·-̨��·-�Ͼ�·,100208,100223
10043102,�����·-�ٳ�·-������·-�ٳ�·,100136,100431
10018108,̨��·-�Ͼ�·-������·-�Ͼ�·,100223,100181
10061701,�Ͼ�·-����·-�Ͼ�·-��ʮ����,100137,100617
10013501,�Ͼ�·-��ʮ����-�Ͼ�·-��Դ·,100617,100135
10035705,�ػ�·-����·-������·-����·,100110,100357
10012208,����·-̨��һ·-�����߼�·-����������,100150,100122
10015002,����·-̨����·-����·-̨��һ·,100149,100150
10014906,����·-̨��һ·-����·-̨����·,100150,100149
10018405,��ɽ·-����·-����·-����·,100243,100184
10024301,����·-����·-��ɽ·-����·,100184,100243
10014806,����·-̨����·-����·-̨����·,100149,100148
10014508,����·-����·-����·-����·-����·,100143,100145
10014304,����·-����·-����·-����·-����·,100145,100143
10033103,��ˮ·-��·-��ˮ·-�˴�·,100242,100331
10045107,��ˮ·-�˴�·-��ˮ·-��·,100450,100451
10047301,��ˮ·-�˴�·-�˴�·-��ˮ·,100450,100473
10047205,��ˮ·-�˴�·-�˴�·-��ˮ·,100331,100472
10045205,��ˮ·-�Ӵ�·-��ˮ·-�Ӵ�·,100332,100452
10045305,��ˮ·-�鴨·-��ˮ·-�鴨·,100267,100453
10014902,����·-̨����·-����·-̨����·,100148,100149
10025407,����·-����·-̨��·-����·,100261,100254
10052501,������·-�����ߣ��滮��·��-������·-�����ԲС��,100522,100525
10018202,��������·-��ɳ·-��������·-����·,100183,100182
10018306,��������·-����·-��������·-��ɳ·,100182,100183
10027506,��������·-����ɽ·-������·-��Ȫ·,100274,100275
10027402,������·-��Ȫ·-��������·-����ɽ·,100275,100274
10049902,��������·-��ƽ·-������·-����Դװ�γǣ����Ⱥ����Է��,100264,100499
10049906,��������·-��ɳ·-������·-����Դװ�γǣ����Ⱥ����Է��,100183,100499
10018302,������·-����Դװ�γǣ����Ⱥ����Է��-��������·-��ɳ·,100499,100183
10037802,����-����-��Ұ-���-�Ĵ�·-��ɽ·,100599,100378
10018206,��������·-�Ϸ�·-��������·-����·,100624,100182
10062402,��������·-����·-��������·-�Ϸ�·,100182,100624
10062406,������·-�彭·-��������·-�Ϸ�·,100180,100624
10018002,��������·-�Ϸ�·-������·-�彭·,100624,100180
10039503,�ĳ�·-����·-�г���·-��ɽ·,100427,100395
10042707,�г���·-��ɽ·-�ĳ�·-����·,100395,100427
10042703,����·-�Ϻ�·-�Ⱥ�·-�ĳ�·-����·,100121,100427
10009903,����·-����·-����·-���ɹ�·,100101,100099
10013608,�ĵ�·-��ɽ·-�����·-�ٳ�·,100041,100136
10059208,��ɳ·-��֧·-��ɳ·-��ɳ·,100231,100592
10027902,������·-̫ԭ·-������·-����У��ǰ,100280,100279
10020205,������·-�ൺ������ҽԺ-������·-����·,100438,100202
10023103,��ɳ·-��ɳ·-��ɳ·-��֧·,100592,100231
10023101,������·-��ɳ·-��ɳ·-��ɳ·-��֧·,100200,100231
10041107,����·-���·-����·-����·,100221,100411
10053302,����·-���·-����·-��־·,100221,100533
10043805,������·-��ƽ·-������·-�ൺ������ҽԺ,100201,100438
10055408,����·-��ɽ·-��ɽ·-̨����·,100426,100554
10055404,��ɽ·-����·-��ɽ·-̨����·,100553,100554
10056006,����·-����·-̫ƽ·-����֧·,100648,100560
10057807,����·-ʵ��Сѧ-�Ӱ�·-ͨɽ·,100402,100578
10015207,�Ӱ�·-ͨɽ·-�Ӱ�·-�Ӱ�һ·,100578,100152
10012207,�Ӱ�·-��ɽ·-�����߼�·-����������,100154,100122
10042604,��ɽ·-̨����·-����·-��ɽ·,100554,100426
10056404,����·-�����·-����·-����·,100065,100564
10025504,̨��·-��ɳ·-����·-��ɳ·,100249,100255
10018308,̨��·-��ɳ·-��������·-��ɳ·,100249,100183
10006508,����·-����·-����·-�����·,100564,100065
10012107,�ĳ�·-����·-����·-�Ϻ�·-�Ⱥ�·,100427,100121
10012103,����·-ʵ��Сѧ-����·-�Ϻ�·-�Ⱥ�·,100402,100121
10040207,����·-�Ϻ�·-�Ⱥ�·-����·-ʵ��Сѧ,100121,100402
10057803,�Ӱ�·-�Ӱ�һ·-�Ӱ�·-ͨɽ·,100152,100578
10040203,�Ӱ�·-ͨɽ·-����·-ʵ��Сѧ,100578,100402
10021107,�ϲ�·-Ƽ��·-������·-Ƽ��·,100237,100211
10017804,������·-��˳·111.26-������·-��˳·,100441,100178
10044108,������·-��˳·-������·-��˳·111.26,100178,100441
10034603,��ˮ��·-�ϴ�·-��ˮ��·-ͭ��·,100347,100346
10034607,��ˮ��·-�Ӵ�·-��ˮ��·-ͭ��·,100487,100346
10050103,����·-�Ͼ�·-����·-���·,100007,100501
10000707,����·-���·-����·-�Ͼ�·,100501,100007
10051007,����·-�Ͼ�·-����·-����·,100007,100510
10051003,����·-����·Сѧ-����·-����·,100417,100510
10041707,����·-����·-����·-����·Сѧ,100510,100417
10041703,����·-���ʺ�·-����·-����·-����·Сѧ,100012,100417
10001307,����·-���ʺ�·-����·-����·-����·-����,100012,100013
10051107,����·-����·-����-����·-�ɾ�·,100013,100511
10051103,����·-��̨·-����·-�ɾ�·,100014,100511
10043801,������·-����·-������·-�ൺ������ҽԺ,100202,100438
10033305,��������·-��ɽ·-��������·-��԰���,100640,100333
10064001,��������·-��԰���-��������·-��ɽ·,100333,100640
10032705,��ˮ·-�ϴ�·-��ˮ·-�ϴ�·,100482,100327
10048201,��ˮ·-�ϴ�·-��ˮ·-�ϴ�·,100327,100482
10030406,����·-��ɽ·-��ˮ·-����Ȫ·-����·,100300,100304
10063005,������·-������·-������·-ͬ��·,100360,100630
10036001,������·-ͬ��·-������·-������·,100630,100360
10011605,������·-������·-�Ϸ�·-������·,100361,100116
10036101,�Ϸ�·-������·-������·-������·,100116,100361
10036105,ͬ��·-������·-������·-������·,100661,100361
10066101,������·-������·-ͬ��·-������·,100361,100661
10016803,ͬ��·-ͬ����·-������·-ͬ��·,100639,100168
10063907,������·-ͬ��·-ͬ��·-ͬ����·,100168,100639
10063903,ͬ��·-������·-ͬ��·-ͬ����·,100661,100639
10066107,ͬ��·-ͬ����·-ͬ��·-������·,100639,100661
10041202,����·-����·-����·-����·����ʮ���У�,100257,100412
10041702,����·-����·-����·-����·Сѧ,100257,100417
20083408,ceshi-5141-ceshi-5142,200833,200834
20022608,zmz-dsl-zmz-aes,200228,200226
10066103,ͬ��·-ͬ����·-ͬ��·-������·,100660,100661
10066007,ͬ��·-������·-ͬ��·-ͬ����·,100661,100660
10066003,������·-ͬ��·-ͬ��·-ͬ����·,100638,100660
10063807,ͬ��·-ͬ����·-������·-ͬ��·,100660,100638
10066005,������·-ͬ����·-ͬ��·-ͬ����·,100164,100660
10016401,ͬ��·-ͬ����·-������·-ͬ����·,100660,100164
10011705,������·-������·-�Ϸ�·-������·��������·��,100176,100117
10017601,�Ϸ�·-������·��������·��-������·-������·,100117,100176
10017604,������·-ͬ��·-������·-������·,100638,100176
10063808,������·-������·-������·-ͬ��·,100176,100638
10063805,������·-������·-������·-ͬ��·,100165,100638
10007207,�����·-��һСѧ�������·-��ң��·��-�����·-��ң��·,100083,100072
10008303,�����·-��ң��·-�����·-��һСѧ�������·-��ң��·��,100072,100083
10008307,����·-�����·-�����·-��һСѧ�������·-��ң��·��,100068,100083
10007502,����·-�����·-�����·-���ݶ�·,100065,100075
10007505,�����·-�����·-�����·-���ݶ�·,100062,100075
10006201,�����·-���ݶ�·-�����·-�����·,100075,100062
10006205,������·-�����·-�����·-�����·,100055,100062
10034303,����·-�޷�·-��ׯ·-����·,100340,100343
10034901,��������·-��ˮ·-��ׯ·-��ɽ·,100334,100349
10034301,��ׯ·-��ɽ·-��ׯ·-����·,100349,100343
10031503,��������·-����·-��ׯ·-����·,100316,100315
10030601,��ׯ·-����·-����·-��Ժ·-����·-��ׯ·,100312,100306
10030608,����·-��ɽ·-��Ժ·-����·-��ׯ·,100319,100306
10030702,��Ժ·-��ɽ·-��Ժ·-���·,100303,100307
10009404,����·-����·-�ຣ·-����·,100118,100094
10011808,�ຣ·-����·-����·-����·,100094,100118
10013008,����·-����·-����·-����·-����·,100097,100130
10010107,����·-���ɹ�·-����·-����·,100099,100101
10026602,������·-����У��ǰ-����·-֣��·,100279,100266
10023901,��ɳ·-��ɳ·-��ɳ·-�ൺ��ԪѧУ,100592,100239
10023105,��·-��֧·-��ɳ·-��֧·,100584,100231
10058401,��ɳ·-��֧·-��·-��֧·,100231,100584
10023905,��ɳ·-��·-��ɳ·-�ൺ��ԪѧУ,100569,100239
10056901,��ɳ·-�ൺ��ԪѧУ-��ɳ·-��·,100239,100569
10035407,�Ӽ�·-�򽭱�·-ɽ��·-�Ӽ�·,100159,100354
10040507,�򽭱�·-�ػ�·-�ػ�·-�ػ�·Сѧ,100105,100405
10035507,�ػ�·-�ػ�·Сѧ -ɽ��·-�ػ�·,100405,100355
10051807,������·-ɽ��·-����·-����·,100052,100518
10052905,����Ȫ·-��¥ɽ·-����Ȫ·-ũ��Ժ·��,100339,100529
10033905,��ɽ·-����Ȫ·-����Ȫ·-��¥ɽ·,100301,100339
10030105,��������-��ɽ·-����Ȫ·,100666,100301
10066601,��ɽ·-����Ȫ·-��������,100301,100666
10032406,��������-��������·-���������,100666,100324
10027501,��������-������·-��Ȫ·,100666,100275
10050801,��������-����-̫ƽ·-����·,100666,100508
10050805,������-��ɳ·-����-̫ƽ·-����·,100277,100508
10027701,����-̫ƽ·-����·-������-��ɳ·,100508,100277
10027704,������-�Ϸ�·-������-��ɳ·,100278,100277
10027808,������-��ɳ·-������-�Ϸ�·,100277,100278
10027806,�Ϸ�·-������·��������·��-������-�Ϸ�·,100117,100278
10064806,����·-����·-����·-����·,100393,100648
10055202,����·-����·-����·-۩����·,100541,100552
10054106,����·-۩����·-����·-����·,100552,100541
10042608,�Ĵ�·-��ɽ·-����·-��ɽ·,100378,100426
10014706,����·-̨����·-����·-����·,100148,100147
10014505,����·-���·-����·-����·,100146,100145
10014601,����·-����·-����·-���·,100145,100146
10000403,����-����·��-����·-�Ͼ�·111.25,9999,100004
10040004,�Ӱ�·-�Ӱ���·-�Ӱ���·-��ʮ����,100153,100400
10001107,����-����·��-����·-Զ��ѧԺ,100010,100011
10019707,����·-��ɽһ·-���·-����·,100177,100197
10065705,����·-����·-����·-����·Сѧ,100494,100657
10049401,����·-����·Сѧ-����·-����·,100657,100494
10043303,����·-����·-��ɽ·-����·,100430,100433
10015308,�Ӱ���·-��ʮ����-�Ӱ�·-�Ӱ���·,100400,100153
10015304,�Ӱ���·-��ɽ·-�Ӱ�·-�Ӱ���·,100174,100153
10037602,�Ĵ�·-��ƽ·-�Ĵ�·-����·,100375,100376
10037606,�Ĵ�·-����·-�Ĵ�·-����·,100377,100376
10038306,����·-����·-����·-����·,100384,100383
10038506,����·-��ɽ·-����·-۩�Ǳ�·,100426,100385
10038502,����·-����·-����·-۩�Ǳ�·,100384,100385
10038806,�ŵ���·-����Ͽ·-����·-̨����·,100387,100388
10036304,����·-����·-����·-����·,100364,100363
10055308,��ɽ·-̨����·-��ɽ·-����·,100554,100553
10053306,����·-����·-����·-��־·,100220,100533
10004906,�����·-����·-����·-��¡·,100063,100049
10006302,����·-��¡·-�����·-����·,100049,100063
10030005,��ˮ��·-�̺���԰-����·-��ɽ·,100602,100300
10026804,����·-����·-����·-����·1,100260,100268
10026008,����·-����·-����·-����·,100268,100260
10026004,̨��·-����·-����·-����·,100253,100260
10025308,����·-����·-̨��·-����·,100260,100253
10056408,����·-������·-����·-����·,100561,100564
10036408,����·-����·-����·-����·,100363,100364
10065906,����·-��Ңһ·-������·-������·-�����߼����ſ�,100016,100659
10001602,������·-�����߼����ſ�-����·-��Ңһ·-������·,100659,100016
10001906,������·-�����߼����ſ�-������·-����·,100659,100019
10064906,�½�·-����·�ѵ�81m��δ���ã�-�½�·-�ռ�·,100654,100649
10065402,�½�·-�ռ�·-�½�·-����·�ѵ�81m��δ���ã�,100649,100654
10065406,�½�·-����֧·-�½�·-����·�ѵ�81m��δ���ã�,100089,100654
10008902,�½�·-����·�ѵ�81m��δ���ã�-�½�·-����֧·,100654,100089
10008906,����·-ݷ��·-�½�·-����֧·,100096,100089
10045405,��ˮ·-ͭ��·-��ˮ·-ͭ��·,100326,100454
10045505,��ˮ·-�ϴ�·-��ˮ·-�ϴ�·,100327,100455
10045605,��ˮ·-�ﴨ·-��ˮ·-�ﴨ·,100298,100456
10045705,��ˮ·-����·-��ˮ·-����·,100305,100457
10045701,��԰���-����·-��ˮ·-����·,100437,100457
10045801,��԰���-����·-��ˮ·-����·,100443,100458
10045905,��ˮ·-����·-��ˮ·-����·,100313,100459
10045901,��԰���-����·-��ˮ·-����·,100444,100459
10045805,��ˮ·-����·-��ˮ·-����·,100325,100458
10046005,��ˮ·-ë��·-��ˮ·-ë��·,100336,100460
10044605,��ˮ·-ë��·-��԰���-ë��·,100460,100446
10046001,��԰���-ë��·-��ˮ·-ë��·,100446,100460
10045105,��ˮ·-��·-��ˮ·-��·,100242,100451
10033005,�޷�·-��óְҵѧԺ-��ˮ·-�޷�·,100608,100330
10060801,��ˮ·-�޷�·-�޷�·-��óְҵѧԺ,100330,100608
10060805,����·-�޷�·-�޷�·-��óְҵѧԺ,100340,100608
10034001,�޷�·-��óְҵѧԺ-����·-�޷�·,100608,100340
10052505,��������·-��ˮ·-������·-�����ԲС��,100334,100525
10033406,��ׯ·-��ɽ·-������·-��ˮ·,100349,100334
10058605,��˳·-����·-���·-��˳·,100591,100586
10059101,���·-��˳·-��˳·-����·,100586,100591
10059103,������·-����·-��˳·-����·,100289,100591
10028907,��˳·-����·-������·-����·,100591,100289
10052407,������·-����·-�Ĳ�·-����·,100289,100524
10060305,�Ĳ�·-����һ·-�Ĳ�·-ʮ÷�ֹ�԰,100527,100603
10052701,�Ĳ�·-ʮ÷�ֹ�԰-�Ĳ�·-����һ·,100603,100527
10052705,�Ĳ�·-�İ�·-�Ĳ�·-����һ·,100337,100527
10033705,�Ĳ�·-�Ĳ�·Сѧ-�Ĳ�·-�İ�·,100566,100337
10056601,�Ĳ�·-�İ�·-�Ĳ�·-�Ĳ�·Сѧ,100337,100566
10056605,��ˮ·-�Ĳ�·-�Ĳ�·-�Ĳ�·Сѧ,100517,100566
10051701,�Ĳ�·-�Ĳ�·Сѧ-��ˮ·-�Ĳ�·,100566,100517
10042101,��ƽ·-��ɽ·-��ƽ·-����·����ʮ����ѧ��,100295,100421
10042105,��ƽ·-�˹�·���ൺ���У�-��ƽ·-����·����ʮ����ѧ��,100423,100421
10042301,��ƽ·-����·����ʮ����ѧ��-��ƽ·-�˹�·���ൺ���У�,100421,100423
10016501,������·-ͬ��·-������·-������·,100638,100165
10008805,����·-̨��·-�����·-̨��·,100597,100088
10059701,�����·-̨��·-����·-̨��·,100088,100597
10059704,������·-̨��·-����·-̨��·,100057,100597
10005708,����·-̨��·-������·-̨��·,100597,100057
10007203,����·-�����·-�����·-��ң��·,100069,100072
10066607,������·-��Ȫ·-��������,100275,100666
10066603,��������·-���������-��������,100324,100666
10066605,����-̫ƽ·-����·-��������,100508,100666
10029403,����·-��·-��ƽ·-��·,100567,100294
10056707,��ƽ·-��·-����·-��·,100294,100567
10056703,��·-����·-����·-��·,100645,100567
10064507,����·-��·-��·-����·,100567,100645
10064504,������·-��·-��·-����·,100285,100645
10028508,��·-����·-������·-��·,100645,100285
10028504,����·-����·-������·-��·,100320,100285
10051705,˳��֧·-��Է·-��ˮ·-�Ĳ�·,100595,100517
10059501,��ˮ·-�Ĳ�·-˳��֧·-��Է·,100517,100595
10059505,��ɽ·-˳��֧·-˳��֧·-��Է·,100646,100595
10064601,˳��֧·-��Է·-��ɽ·-˳��֧·,100595,100646
10035001,����·-ͨ�湬·-����·-���·Сѧ,100310,100350
10026105,����·-����·-����·-����·,100260,100261
10026001,����·-����·-����·-����·,100261,100260
10026006,����·-����Сѧ-����·-����·,100259,100260
10025902,����·-����·-����·-����Сѧ,100260,100259
10025906,����·-��ƽ·-����·-����Сѧ,100258,100259
10025802,����·-����Сѧ-����·-��ƽ·,100259,100258
10025805,����·-����·-����·-��ƽ·,100257,100258
10025701,����·-��ƽ·-����·-����·,100258,100257
10025705,����·-����·-����·-����·,100256,100257
10025601,����·-����·-����·-����·,100257,100256
10025605,����·-��ɳ·-����·-����·,100255,100256
10025501,����·-����·-����·-��ɳ·,100256,100255
10025703,̨��·-����·-����·-����·,100251,100257
10025107,����·-����·-̨��·-����·,100257,100251
10021403,����·-��ƽ·-������·-��ƽ·,100258,100214
10025807,������·-��ƽ·-����·-��ƽ·,100214,100258
10025207,����·-��ƽ·-̨��·-��ƽ·,100258,100252
10026408,̨��·-��ƽ·-��������·-��ƽ·,100252,100264
10022502,̨��·-��ɳ·-̨��·-����·,100249,100225
10022505,̨��·-�Ϸ�·-̨��·-����·,100224,100225
10022403,��������·-�Ϸ�·-̨��·-�Ϸ�·,100624,100224
10062407,̨��·-�Ϸ�·-��������·-�Ϸ�·,100224,100624
10062403,�Ϸ�·-����·-��������·-�Ϸ�·,100113,100624
10011307,��������·-�Ϸ�·-�Ϸ�·-����·,100624,100113
10016603,������-��ɳ·-������·-��ɳ·,100277,100166
10027707,������·-��ɳ·-������-��ɳ·,100166,100277
10016605,������·-�ļ���԰-������·-��ɳ·,100598,100166
10059801,������·-��ɳ·-������·-�ļ���԰,100166,100598
10059805,�Ϸ�·-������·-������·-�ļ���԰,100115,100598
10011501,������·-�ļ���԰-�Ϸ�·-������·,100598,100115
10016701,������·-������·-������·-ͬ��·,100360,100167
10016705,������·-ͬ��·-������·-ͬ��·,100168,100167
10011505,������·-ͬ��·-�Ϸ�·-������·,100630,100115
10063001,�Ϸ�·-������·-������·-ͬ��·,100115,100630
10061007,̫ƽ·-۰��·-̫ƽ·-����·,100373,100610
10049503,��ɽ·-����·-����·-����·,100433,100495
10043307,����·-����·-��ɽ·-����·,100495,100433
10004307,����·-̩��·-��ɽ·-����·,100609,100043
10060903,��ɽ·-����·-����·-̩��·,100043,100609
10040304,����·-�Ϻ�·-�Ⱥ�·-�Ϻ�·-�ھ���ѧ,100121,100403
10063206,�ĵ�·-�Ӱ�һ·-�Ӱ�һ·-��ɽ·,100040,100632
10000705,�Ͼ�·-�綫·-����·-�Ͼ�·,100540,100007
10054006,����·-�綫·-�Ͼ�·-�綫·,100633,100540
10000405,����·-�Ͼ�·-����·-�Ͼ�·111.25,100003,100004
10054001,����·-�Ͼ�·-�Ͼ�·-�綫·,100007,100540
10000401,�Ͼ�·-�綫·-����·-�Ͼ�·111.25,100540,100004
10026904,һ����-֣��·-����·-֣��·,100261,100269
10033903,��������·-��¥ɽ·-����Ȫ·-��¥ɽ·,100323,100339
10048008,��ˮ·-����·-��ˮ·-����·,100515,100480
10047901,��ˮ·-����·-��ˮ·-����·,100514,100479
10044303,11-��԰���-����·,100672,100443
10048605,11-����·-������,100672,100486
10049703,�����߼�·-����������-ɣ��·-��ɽ·,100122,100497
10025005,̨��·-��ɳ·-̨��·-�϶�����,100249,100250
10024901,̨��·-�϶�����-̨��·-��ɳ·,100250,100249
10025105,̨��·-�϶�����-̨��·-����·,100250,100251
10025001,̨��·-����·-̨��·-�϶�����,100251,100250
10025205,̨��·-����·-̨��·-��ƽ·,100251,100252
10025101,̨��·-��ƽ·-̨��·-����·,100252,100251
10010805,�Ͼ�·-�Ӽ�·-�ػ�·-�Ͼ�·,100134,100108
10055304,����·-۩����·-��ɽ·-����·,100552,100553
10055208,��ɽ·-����·-����·-۩����·,100553,100552
10015703,��·-����·������·�ڶ�Сѧ��-�Ӱ���·-̨����·,100404,100157
10003202,�����·-�Ӱ���·-�����·-������·-��տ��·,100058,100032
10066908,����·-����·-����·-����-�ٺ���,100130,100669
10013004,����-�ٺ���-����·-����·-����·,100669,100130
10067002,����·-����·-����-���ݼ�,100227,100670
10022706,����-���ݼ�-����·-����·,100670,100227
10015104,ɣ��·-��ɽ·-����·-ɣ��·,100497,100151
10013002,����·-ɣ��·-����·-����·-����·,100151,100130
10015105,�Ӱ���·-��ʮ����-����·-ɣ��·,100400,100151
10040001,����·-ɣ��·-�Ӱ���·-��ʮ����,100151,100400
10061804,����·-�Ӱ���·-�Ӱ���·-�Ͼ�ˮ·,100033,100618
10003308,�Ӱ���·-�Ͼ�ˮ·-����·-�Ӱ���·,100618,100033
10042606,̨����·-̨��γ��·-����·-��ɽ·,100542,100426
10005801,�ൺ����ʮ����ѧ-�����·-�Ӱ���·,100418,100058
10038802,̨����·-̨��γ��·-����·-̨����·,100542,100388
10054206,����·-̨����·-̨����·-̨��γ��·,100388,100542
10054202,����·-��ɽ·-̨����·-̨��γ��·,100426,100542
10031902,��԰·-Դͷ·-����·-��ɽ·,100568,100319
10031905,��ɽ·-��ɽ·-����·-��ɽ·,100596,100319
10059601,����·-��ɽ·-��ɽ·-��ɽ·,100319,100596
10059605,��Ժ·-��ɽ·-��ɽ·-��ɽ·,100303,100596
10030301,��ɽ·-��ɽ·-��Ժ·-��ɽ·,100596,100303
10019807,��·-��֧·-������·-��·,100584,100198
10058403,������·-��·-��·-��֧·,100198,100584
10058406,��ɳ·-��·-��·-��֧·,100569,100584
10056902,��·-��֧·-��ɳ·-��·,100584,100569
10056906,���·-��·-��ɳ·-��·,100191,100569
10019102,��ɳ·-��·-���·-��·,100569,100191
10019106,����·-����·-���·-��·,100219,100191
10021902,���·-��·-����·-����·,100191,100219
10025202,̨��·-����·-̨��·-��ƽ·,100253,100252
10012205,��������վ���Ӱ���·��-�����߼�·-����������,100557,100122
10000407,����·-����·-����·-�Ͼ�·111.25,100002,100004
10056205,�����·-����·-����·-����·,100365,100562
10036501,����·-����·-�����·-����·,100562,100365
10000302,����·-����·-����·-�Ͼ�·,100008,100003
10000806,����·-�Ͼ�·-����·-����·,100003,100008
10019708,���·-�ϲ�·-���·-����·,100196,100197
10005005,����·-����·Сѧ-����·-����·,100657,100050
10065701,����·-����·-����·-����·Сѧ,100050,100657
10043003,����·-����·-����·-����·,100494,100430
10049407,����·-����·-����·-����·,100430,100494
10041305,��ɽ·-���·-����·-��ɽ·-����·,100435,100413
10043501,����·-��ɽ·-����·-��ɽ·-���·,100413,100435
10043505,��ɽ·-����·-��ɽ·-���·,100043,100435
10004301,��ɽ·-���·-��ɽ·-����·,100435,100043
10043605,��ɽ·-��ɽ·-��ɽ·-����·,100044,100436
10004401,��ɽ·-����·-��ɽ·-��ɽ·,100436,100044
10060901,����·-ɽ��·-����·-̩��·,100414,100609
10060904,����·-����·-����·-̩��·,100535,100609
10053508,����·-̩��·-����·-����·,100609,100535
10036908,����·-����·-����·-����·,100384,100369
10009602,�½�·-����֧·-����·-ݷ��·,100089,100096
10009606,ݷ��·-ɽ��·-����·-ݷ��·,100396,100096
10039602,����·-ݷ��·-ݷ��·-ɽ��·,100096,100396
10039607,�Ĵ�·-����·-ݷ��·-ɽ��·,100374,100396
10014501,��ɽ·-����·-����·-����·,100243,100145
10039606,����·-�ϴ�·-ݷ��·-ɽ��·,100380,100396
10038002,ݷ��·-ɽ��·-����·-�ϴ�·,100396,100380
10038005,����·-����·-����·-�ϴ�·,100381,100380
10002006,������·-����·-������·-��������԰��ǰ,100019,100020
10001902,������·-��������԰��ǰ-������·-����·,100020,100019
10006601,ɽ��-�����߼�����-����·-ɽ��·,100665,100066
10038404,����·-����·-����·-����·,100369,100384
10040308,�Ϻ�·-��ƽ·-�Ϻ�·-�ھ���ѧ,100141,100403
10014004,�Ϻ�·-��ƽ·-�Ϻ�·-�Ϻ�֧·,100141,100140
10013903,�Ϻ�·-�Ϻ�֧·-�Ϻ�·-����·,100140,100139
10039502,�Ϻ�·-����·-�г���·-��ɽ·,100138,100395
10055905,�Ӱ�һ·-��ɽ·-�Ӱ�һ·-����·,100632,100559
10017305,�Ӱ�һ·-����·-�Ӱ�һ·-����·,100559,100173
10063507,��ɽ·-��ͨ��԰-��ɽ·-��Ȫ·,100634,100635
10030107,��ɽ·-��Ȫ·-��ɽ·-����Ȫ·,100635,100301
10038304,����·-����·-����·-����·,100368,100383
10036808,����·-����·-����·-����·,100383,100368
10055402,����·-����·-��ɽ·-̨����·,100370,100554
10034907,��ɽ·-���·-��ׯ·-��ɽ·,100588,100349
10058806,��԰·-˳��·-��ɽ·-���·,100314,100588
10053201,��ˮ·-��԰·-��԰·-��Է·,100625,100532
10036405,�����·-̨��·-����·-����·,100088,100364
10042305,��ƽ·-�˻�·-��ƽ·-�˹�·���ൺ���У�,100281,100423
10033503,�޷�·��ԣ·-��������·-��ԣ·����������ڣ�,100671,100335
10017801,ɽ��·-��˳·-������·-��˳·,100248,100178
10059906,�Ĵ�·-��ɽ·-����-����-��Ұ-���,100378,100599
10059904,����·-����·-����-����-��Ұ-���,100383,100599
10038308,����-����-��Ұ-���-����·-����·,100599,100383
10024505,ɽ��·-�ػ�·-��ɽ·-ɽ��·,100355,100245
10002303,�Ӽ�·-����·-�Ӽ�·-����·,100543,100023
10054307,�Ӽ�·-����·-�Ӽ�·-����·,100023,100543
10054302,���ݱ�·-�Ӽ�·-�Ӽ�·-����·,100021,100543
10002106,�Ӽ�·-����·-���ݱ�·-�Ӽ�·,100543,100021
10014801,����·-����·-����·-̨����·,100147,100148
10008207,������·-�����·-������·-����ҽԺ,100055,100082
10030607,��Ժ·-��ɽ·-��Ժ·-����·-��ׯ·,100303,100306
10030303,��Ժ·-����·-��ׯ·-��Ժ·-��ɽ·,100306,100303
10038702,����·-̨����·-�ŵ���·-����Ͽ·,100388,100387
10017408,�Ӱ�·-�Ӱ���·-�Ӱ���·-��ɽ·,100153,100174
10017404,�Ӱ���·-�Ӱ���·Сѧ-�Ӱ���·-��ɽ·,100399,100174
10039908,�Ӱ���·-��ɽ·-�Ӱ���·-�Ӱ���·Сѧ,100174,100399
10039807,�Ӱ���·-�Ӱ���·Сѧ-����·-����·Сѧ,100399,100398
10055707,����·-��ɽ·-��������վ���Ӱ���·��,100142,100557
10012405,����·-�Ϻ�·-�Ⱥ�·-����·-�Ⱥ�·-����·,100121,100124
10012101,����·-�Ⱥ�·-����·-����·-�Ϻ�·-�Ⱥ�·,100124,100121
10012402,����·-��̨·-����·-�Ⱥ�·-����·,100125,100124
10012506,����·-�Ⱥ�·-����·-����·-��̨·,100124,100125
20087407,jlģ��5041-jlģ��5039,200876,200874
20087703,jlģ��5041-jlģ��5042,200876,200877
20087603,jlģ��5039-jlģ��5041,200874,200876
20087607,jlģ��5042-jlģ��5041,200877,200876
10012502,����·-�ø�����㳡-����·-��̨·,100620,100125
10062006,����·-��̨·-����·-�ø�����㳡,100125,100620
10062002,����·-������Ϣ��-����·-�ø�����㳡,100621,100620
10062106,����·-�ø�����㳡-����·-������Ϣ��,100620,100621
10062102,����·-̩ɽ·-����·-������Ϣ��,100126,100621
10012606,����·-������Ϣ��-����·-̩ɽ·,100621,100126
10040907,����·-�ø�����㳡-����·-����·Сѧ,100620,100409
10013007,����·-�ٹ�·-����·-����·-����·,100128,100130
10031106,��԰·-Դͷ·-��ׯ·-��԰·,100568,100311
10056802,��ׯ·-��԰·-��԰·-Դͷ·,100311,100568
10056806,����·-��ɽ·-��԰·-Դͷ·,100319,100568
20021501,�Ż�144_2011-�Ż�144_2002,200224,200215
20022505,�Ż�144_2011-�Ż�144_2012,200224,200225
20022401,�Ż�144_2012-�Ż�144_2011,200225,200224
20022405,�Ż�144_2002-�Ż�144_2011,200215,200224
20022805,zmz-aes-zmz-dsl,200226,200228
20022601,zmz-dsl-zmz-aes,200228,200226
20022605,zmz-whw-zmz-aes,200227,200226
20022701,zmz-aes-zmz-whw,200226,200227
20020603,������1.72-һ����1.75,200205,200206
20020507,һ����1.75-������1.72,200206,200205
20020503,������1.71-������1.72,200211,200205
20021107,������1.72-������1.71,200205,200211
20021103,һ����128.46-������1.71,200203,200211
20020307,������1.71-һ����128.46,200211,200203
20020303,������1.70-һ����128.46,200202,200203
20020207,һ����128.46-������1.70,200203,200202
20020203,һ����128.50-������1.70,200201,200202
20020107,������1.70-һ����128.50,200202,200201
20020103,һ����128.48-һ����128.50,200209,200201
20020907,һ����128.50-һ����128.48,200201,200209
20083603,��-��۶�·-��·,200837,200836
20083602,JLģ��5002-JLģ��5001,200837,200836
20021403,�Ż�144_2002-�Ż�144_2001,200215,200214
20021507,�Ż�144_2001-�Ż�144_2002,200214,200215
20021503,�Ż�144_2003-�Ż�144_2002,200216,200215
20021607,�Ż�144_2002-�Ż�144_2003,200215,200216
20021603,�Ż�144_2004-�Ż�144_2003,200217,200216
20021707,�Ż�144_2003-�Ż�144_2004,200216,200217
20021703,�Ż�144_2005-�Ż�144_2004,200218,200217
20021807,�Ż�144_2004-�Ż�144_2005,200217,200218
20021803,�Ż�144_2006-�Ż�144_2005,200219,200218
20021907,�Ż�144_2005-�Ż�144_2006,200218,200219
20022105,�Ż�144_2007-�Ż�144_2008,200220,200221
20022001,�Ż�144_2008-�Ż�144_2007,200221,200220
20020205,������1.73-������1.70,200213,200202
20020405,��-��۶�·-��·,200202,200204
20022005,�Ż�144_2004-�Ż�144_2007,200217,200220
20021701,�Ż�144_2007-�Ż�144_2004,200220,200217
20021705,�Ż�144_2009-�Ż�144_2004,200222,200217
20022201,�Ż�144_2004-�Ż�144_2009,200217,200222
20083705,JLģ��5005-JLģ��5002,200840,200837
20084001,JLģ��5002-JLģ��5005,200837,200840
20084303,JLģ��5002-JLģ��5008,200837,200843
20083707,JLģ��5008-JLģ��5002,200843,200837
20084007,JLģ��5009-JLģ��5005,200846,200840
20084603,JLģ��5005-JLģ��5009,200840,200846
20084205,JLģ��5002-JLģ��5007,200837,200842
20083701,JLģ��5007-JLģ��5002,200842,200837
10000307,����·-����·-����·-�Ͼ�·,100000,100003
20084107,JLģ��5002-JLģ��5006,200837,200841
20084003,JLģ��5011-JLģ��5005,200845,200840
20084507,JLģ��5005-JLģ��5011,200840,200845
20083703,JLģ��5006-JLģ��5002,200841,200837
20020201,������1.67-������1.70,200204,200202
20021301,������1.70-������1.73,200202,200213
20008007,����·-����·-��۶�·-��·,100367,200080
20020202,��۶�·-��·-������1.70,200080,200202
20008008,��-��۶�·-��·,200211,200080
20008002,������1.70-��۶�·-��·,200202,200080
10004207,����·-����һ·-����·-�붫·-�˰�·,100047,100042
10047302,��۶�·-��·-�˴�·-��ˮ·,200080,100473
10036901,�˴�·-��ˮ·-����·-����·,100473,100369
10050008,������·-�Ͼ�·111.28-ͬ��·-ͬ��·,100356,100500
10031008,�Ϻ�·-�ھ���ѧ-����·-ͨ�湬·,100403,100310
